annual_income,credit_score,debt_to_income_ratio,employment_years,loan_amount,gender,region,age_group,approved
118452,532,0.21,10,37655,Female,Suburban,31-45,0
33105,583,0.35,9,32087,Female,Urban,22-30,0
87182,779,0.52,12,16049,Male,Rural,22-30,1
72147,308,0.53,6,11785,Male,Rural,31-45,1
95400,678,0.41,9,46766,Male,Rural,31-45,1
66434,680,0.56,3,9655,Female,Rural,46-60,1
46515,659,0.35,19,23458,Male,Urban,22-30,1
109298,475,0.54,15,30102,Male,Urban,60+,0
78001,784,0.33,19,11918,Male,Suburban,46-60,1
78397,704,0.24,5,8436,Male,Suburban,31-45,1
81415,332,0.56,8,26432,Female,Urban,22-30,1
36960,764,0.29,12,29873,Male,Urban,22-30,1
113143,456,0.35,6,42640,Male,Suburban,60+,1
101838,501,0.26,17,5360,Male,Urban,46-60,1
65778,474,0.43,13,49677,Male,Rural,31-45,1
50941,543,0.6,4,9599,Male,Rural,60+,1
116857,568,0.11,12,47936,Female,Rural,60+,1
115849,745,0.55,7,44499,Male,Suburban,46-60,1
60955,373,0.1,14,39845,Male,Urban,22-30,0
98565,395,0.28,18,18750,Female,Suburban,60+,0
76908,472,0.18,8,32987,Male,Suburban,60+,1
84067,705,0.48,5,42459,Female,Urban,22-30,1
75696,454,0.13,13,31165,Female,Suburban,22-30,1
38429,482,0.38,9,29346,Female,Rural,22-30,0
114048,622,0.25,8,8514,Female,Urban,22-30,1
96676,588,0.17,16,29838,Male,Rural,31-45,0
34847,557,0.49,12,32559,Male,Rural,46-60,1
67191,473,0.21,16,40687,Female,Urban,46-60,1
54256,629,0.21,18,36965,Female,Rural,60+,0
48774,530,0.24,12,21385,Female,Rural,46-60,1
29127,460,0.39,8,23317,Female,Rural,46-60,1
48205,485,0.43,0,5393,Female,Urban,22-30,0
101163,442,0.11,0,29881,Male,Urban,22-30,1
78764,581,0.22,4,38297,Female,Urban,46-60,1
58664,326,0.32,7,32955,Male,Suburban,31-45,1
76795,545,0.27,17,49979,Female,Rural,31-45,0
52333,786,0.54,3,11495,Female,Suburban,46-60,1
56079,501,0.49,0,44721,Male,Suburban,22-30,1
104225,320,0.41,14,26437,Female,Rural,46-60,1
44259,393,0.27,19,6713,Male,Urban,60+,1
46571,307,0.45,3,25428,Male,Suburban,22-30,0
71119,771,0.52,8,5635,Female,Urban,46-60,1
28009,638,0.4,19,20193,Female,Urban,46-60,1
81829,558,0.49,9,28003,Male,Rural,46-60,0
58230,354,0.47,14,19633,Male,Suburban,46-60,0
76049,847,0.39,2,34228,Female,Suburban,22-30,1
56498,305,0.26,1,47077,Male,Urban,46-60,1
48820,676,0.47,4,31730,Female,Rural,31-45,1
60315,349,0.2,0,12445,Female,Suburban,31-45,1
115018,411,0.49,10,19281,Female,Urban,31-45,0
52795,445,0.5,11,11602,Male,Urban,22-30,0
105411,529,0.51,2,5037,Female,Urban,22-30,0
59191,796,0.34,15,47592,Male,Rural,31-45,1
74453,605,0.2,13,33869,Male,Rural,46-60,1
32453,841,0.15,11,41543,Female,Urban,60+,1
70325,760,0.47,19,36076,Male,Urban,22-30,1
69490,525,0.54,15,31630,Male,Rural,31-45,0
94796,358,0.43,7,25469,Male,Urban,22-30,1
69993,375,0.17,16,37299,Male,Urban,46-60,0
65706,727,0.57,16,30094,Male,Rural,31-45,1
62817,431,0.59,6,31817,Female,Urban,46-60,0
84544,797,0.32,14,15555,Female,Urban,60+,1
111434,604,0.4,8,10120,Male,Urban,46-60,1
75710,366,0.49,3,19678,Female,Rural,60+,0
70799,529,0.47,7,9715,Female,Rural,22-30,0
80964,632,0.58,9,39162,Female,Rural,46-60,1
73678,576,0.16,14,40637,Male,Suburban,31-45,1
91150,443,0.39,17,37322,Male,Suburban,31-45,1
117379,550,0.45,13,41444,Female,Suburban,46-60,1
80438,379,0.55,4,41489,Female,Suburban,60+,0
97223,356,0.54,8,43458,Female,Rural,31-45,0
81926,665,0.59,12,43586,Male,Urban,31-45,1
23801,607,0.36,18,38002,Male,Rural,31-45,1
61048,473,0.52,10,8140,Female,Suburban,22-30,1
60144,761,0.31,11,13638,Male,Rural,31-45,0
114478,792,0.31,2,22383,Male,Urban,31-45,1
30148,673,0.23,1,22718,Male,Suburban,22-30,1
102819,648,0.51,14,46093,Female,Urban,31-45,1
39861,366,0.59,4,15624,Male,Urban,31-45,1
81717,629,0.23,6,26472,Male,Urban,31-45,0
42480,493,0.13,3,26863,Female,Suburban,31-45,0
38637,454,0.51,4,11090,Female,Rural,46-60,1
64621,459,0.41,15,16377,Female,Suburban,22-30,0
80304,565,0.58,14,22495,Male,Suburban,60+,1
67431,467,0.23,15,19870,Male,Rural,22-30,1
119937,444,0.14,3,24300,Male,Rural,22-30,1
108921,485,0.35,5,7103,Male,Rural,22-30,0
76172,722,0.14,17,30195,Male,Rural,46-60,1
45437,756,0.23,2,42893,Male,Urban,31-45,0
28149,644,0.16,4,11590,Female,Suburban,22-30,0
34671,815,0.21,1,47980,Male,Suburban,31-45,0
43119,403,0.15,15,47368,Male,Suburban,60+,1
66117,546,0.58,5,37050,Female,Rural,46-60,1
119317,322,0.24,14,7921,Female,Suburban,22-30,1
36279,824,0.32,17,9734,Male,Urban,22-30,1
88835,443,0.55,5,24757,Male,Suburban,46-60,1
119810,492,0.44,12,35328,Female,Suburban,46-60,0
24803,764,0.41,12,28138,Male,Urban,60+,1
102897,674,0.45,0,21037,Female,Urban,31-45,1
80805,565,0.51,15,38604,Female,Suburban,60+,1
38201,677,0.54,3,17094,Male,Rural,31-45,0
48634,849,0.42,16,14028,Female,Rural,46-60,1
34760,373,0.55,17,48517,Male,Suburban,31-45,1
30826,737,0.37,15,20432,Female,Suburban,31-45,1
106821,525,0.24,0,48819,Female,Suburban,46-60,1
65775,607,0.54,5,28091,Female,Suburban,46-60,1
94676,647,0.37,10,20586,Male,Rural,46-60,0
26798,775,0.55,5,10312,Male,Suburban,46-60,1
86103,614,0.12,16,30973,Male,Urban,60+,1
97160,824,0.3,3,41590,Male,Rural,60+,1
97751,724,0.57,13,33973,Male,Rural,31-45,1
93502,823,0.22,13,49390,Male,Urban,46-60,0
71410,548,0.57,19,21099,Female,Suburban,46-60,0
60888,481,0.58,7,38843,Female,Suburban,31-45,1
69047,405,0.54,1,19063,Male,Suburban,46-60,1
115289,490,0.38,4,33770,Male,Suburban,22-30,1
65955,436,0.42,3,32216,Male,Suburban,46-60,1
21982,419,0.53,9,32660,Female,Urban,22-30,1
53864,371,0.49,19,21383,Male,Suburban,60+,1
99118,430,0.42,2,14605,Male,Urban,31-45,1
105490,756,0.59,15,35649,Male,Urban,22-30,1
59265,778,0.44,9,42220,Female,Urban,31-45,0
66313,351,0.59,14,37559,Female,Suburban,46-60,1
64350,418,0.13,3,17368,Female,Suburban,31-45,1
35378,563,0.17,0,12428,Female,Rural,60+,1
89815,538,0.33,14,20817,Male,Rural,31-45,1
47924,650,0.29,9,7420,Male,Urban,60+,0
102593,554,0.49,19,23912,Male,Rural,31-45,0
27312,608,0.18,17,9317,Female,Urban,60+,1
50353,794,0.59,15,29361,Male,Rural,60+,1
106450,356,0.26,8,32728,Female,Suburban,31-45,1
36192,702,0.31,18,46180,Male,Suburban,60+,0
37450,366,0.24,16,36068,Male,Urban,60+,1
25432,345,0.39,9,37995,Male,Urban,31-45,1
77225,668,0.13,18,23721,Male,Suburban,22-30,1
116548,531,0.17,7,33964,Female,Suburban,22-30,1
118991,701,0.47,18,36529,Female,Suburban,31-45,1
98711,322,0.19,4,16456,Female,Rural,60+,0
85604,566,0.22,1,38723,Male,Rural,60+,0
30295,417,0.5,14,47240,Female,Rural,31-45,1
26774,354,0.15,16,39746,Male,Rural,60+,0
32190,452,0.32,9,22913,Male,Urban,46-60,1
51286,538,0.11,1,17675,Male,Urban,60+,1
96325,564,0.27,8,37141,Male,Rural,22-30,1
114450,567,0.45,1,31989,Male,Urban,46-60,1
117480,412,0.15,17,21128,Female,Rural,22-30,1
92427,465,0.54,11,45213,Female,Rural,31-45,1
107513,307,0.55,14,33111,Male,Suburban,31-45,1
84014,516,0.15,19,9284,Male,Rural,46-60,1
115887,730,0.6,5,30493,Female,Urban,31-45,0
95852,591,0.25,17,22585,Male,Rural,31-45,1
75256,349,0.14,12,34595,Female,Suburban,31-45,1
118743,406,0.1,3,12131,Male,Urban,22-30,1
78630,308,0.3,11,48382,Female,Suburban,22-30,1
111190,755,0.41,8,31197,Male,Rural,31-45,0
82771,622,0.27,1,38527,Female,Rural,60+,1
71715,608,0.52,15,26957,Male,Rural,22-30,0
27466,444,0.46,0,35936,Male,Rural,22-30,1
37637,711,0.28,3,26545,Male,Urban,22-30,0
88745,413,0.47,14,18684,Male,Rural,46-60,0
56317,698,0.57,19,47448,Male,Suburban,31-45,0
69766,574,0.15,0,25642,Female,Urban,31-45,0
23078,423,0.25,19,9371,Male,Urban,60+,1
47299,385,0.33,14,17651,Male,Urban,46-60,0
23543,346,0.35,2,6665,Male,Suburban,46-60,0
114627,500,0.37,12,11918,Male,Suburban,60+,0
71052,575,0.25,17,28007,Female,Suburban,22-30,1
114483,848,0.43,12,36408,Female,Suburban,46-60,0
42064,429,0.42,9,15194,Female,Rural,22-30,0
92287,747,0.39,19,30035,Male,Rural,60+,1
100442,688,0.16,6,28816,Male,Suburban,22-30,1
103632,562,0.34,7,28066,Male,Suburban,46-60,0
34425,577,0.28,0,16213,Male,Rural,46-60,1
71481,345,0.35,17,27612,Male,Rural,31-45,1
97347,467,0.56,11,27211,Female,Suburban,22-30,1
103114,744,0.34,17,31866,Female,Urban,60+,1
92317,345,0.11,11,45404,Female,Urban,46-60,0
106826,839,0.32,19,36599,Male,Suburban,46-60,0
70530,386,0.51,8,12344,Female,Urban,31-45,1
101099,684,0.49,1,8201,Female,Rural,31-45,1
45888,564,0.36,13,9752,Male,Urban,31-45,1
47491,321,0.22,3,47343,Female,Suburban,46-60,1
52352,749,0.33,14,15327,Male,Urban,46-60,1
41676,531,0.38,16,11091,Male,Urban,60+,1
85836,485,0.6,18,32608,Male,Urban,31-45,0
57463,625,0.42,5,33285,Male,Rural,22-30,1
68990,482,0.45,8,27998,Male,Rural,31-45,0
106544,696,0.35,16,45289,Female,Rural,46-60,1
83627,780,0.28,14,27943,Male,Suburban,60+,1
40221,702,0.51,4,23007,Male,Urban,31-45,1
114870,762,0.35,17,30257,Female,Rural,22-30,0
105837,716,0.6,3,24518,Male,Rural,46-60,1
92843,501,0.33,1,34784,Male,Urban,46-60,1
71313,364,0.13,18,43588,Female,Suburban,60+,1
49251,316,0.44,4,49221,Female,Urban,46-60,0
66586,482,0.12,3,26378,Male,Suburban,22-30,0
119693,690,0.23,4,9696,Female,Urban,46-60,0
94418,343,0.28,18,32995,Male,Rural,46-60,1
73884,781,0.47,12,39635,Female,Rural,46-60,1
72620,562,0.35,15,20723,Female,Rural,46-60,0
30040,473,0.11,11,24207,Male,Suburban,60+,1
91677,740,0.41,8,32524,Male,Urban,60+,0
65878,519,0.31,15,33554,Male,Suburban,46-60,1
25969,693,0.56,13,16817,Female,Rural,22-30,1
33162,494,0.35,0,5168,Female,Suburban,31-45,0
85435,708,0.45,19,47981,Female,Suburban,31-45,1
94667,770,0.21,3,31770,Male,Suburban,31-45,1
25037,646,0.48,8,20223,Female,Urban,31-45,1
80526,761,0.46,18,49220,Male,Suburban,46-60,0
107914,360,0.55,13,13027,Male,Suburban,31-45,1
34693,465,0.12,11,21291,Female,Suburban,22-30,1
112162,450,0.32,3,48409,Female,Rural,22-30,1
79090,410,0.44,6,30439,Female,Rural,46-60,0
22451,787,0.15,16,26521,Female,Urban,60+,0
85560,848,0.31,0,29715,Female,Rural,46-60,1
25962,302,0.57,13,26618,Male,Urban,31-45,0
116951,782,0.32,14,33999,Female,Rural,46-60,1
109552,312,0.59,11,37992,Male,Urban,22-30,1
36444,461,0.13,11,46517,Female,Urban,22-30,0
60443,643,0.46,5,44350,Female,Urban,31-45,1
36506,748,0.39,12,6573,Male,Rural,31-45,1
58384,631,0.35,15,13577,Female,Suburban,22-30,0
117229,563,0.59,13,13712,Female,Rural,46-60,1
44248,382,0.16,6,34948,Male,Suburban,22-30,0
66162,633,0.55,15,44531,Male,Rural,31-45,0
62690,679,0.45,8,17164,Female,Suburban,31-45,0
89625,518,0.23,13,10217,Female,Rural,31-45,1
88008,753,0.55,6,24526,Female,Urban,60+,1
80309,388,0.31,11,36270,Male,Urban,31-45,1
63237,632,0.51,2,31409,Female,Urban,46-60,0
55732,609,0.29,13,17734,Female,Suburban,46-60,1
28104,719,0.53,18,49121,Female,Suburban,60+,0
103230,653,0.42,10,41269,Male,Urban,46-60,1
110266,399,0.17,4,18530,Female,Suburban,22-30,0
54980,444,0.42,12,17394,Male,Urban,22-30,1
94990,309,0.2,9,6499,Male,Rural,31-45,1
59560,343,0.31,6,32539,Male,Suburban,31-45,1
29554,685,0.19,16,14669,Male,Suburban,31-45,1
111049,794,0.11,15,33562,Male,Rural,46-60,0
65987,792,0.21,7,26629,Female,Suburban,31-45,1
50985,468,0.37,16,30746,Male,Suburban,31-45,0
110298,830,0.34,12,48287,Female,Suburban,31-45,1
68167,635,0.35,10,23128,Female,Rural,31-45,0
60428,812,0.22,19,7039,Male,Urban,31-45,1
87238,429,0.44,17,46079,Male,Urban,22-30,1
82723,838,0.45,4,8857,Male,Rural,60+,1
37038,813,0.28,5,30896,Male,Rural,46-60,0
42219,549,0.54,19,9950,Female,Rural,22-30,1
24271,437,0.42,13,28471,Female,Urban,46-60,1
47397,574,0.46,11,20441,Male,Rural,60+,1
94491,763,0.24,3,17735,Male,Urban,46-60,0
49602,440,0.1,6,27415,Female,Rural,22-30,1
74471,555,0.53,10,39511,Female,Suburban,31-45,1
82150,755,0.51,19,47406,Male,Urban,46-60,1
64227,733,0.16,1,8616,Female,Urban,60+,1
117081,472,0.29,3,20383,Female,Rural,31-45,0
43116,772,0.43,6,34756,Female,Suburban,22-30,1
26674,722,0.43,0,8894,Male,Urban,31-45,1
37469,738,0.53,14,43995,Male,Rural,60+,0
25446,356,0.17,19,48232,Female,Suburban,31-45,1
40760,797,0.31,7,45615,Male,Urban,22-30,1
21963,468,0.15,4,9281,Female,Rural,46-60,1
96002,727,0.29,13,29647,Female,Suburban,46-60,0
47262,718,0.11,17,35036,Male,Urban,46-60,0
25177,646,0.55,2,23584,Male,Urban,46-60,1
31160,816,0.36,1,39911,Female,Suburban,31-45,1
27543,754,0.52,15,37308,Male,Rural,60+,0
102162,501,0.13,13,33333,Male,Rural,46-60,0
59278,478,0.21,15,40949,Male,Suburban,22-30,0
49607,356,0.23,10,24259,Male,Urban,31-45,1
105835,800,0.29,16,36794,Female,Suburban,46-60,1
37221,411,0.5,2,44288,Female,Suburban,60+,1
23323,447,0.29,4,18052,Male,Suburban,60+,0
72105,677,0.2,2,17271,Female,Urban,22-30,1
96151,647,0.13,14,37175,Male,Suburban,31-45,1
86968,657,0.14,4,13915,Male,Suburban,22-30,1
43238,355,0.48,2,21122,Male,Urban,31-45,1
83830,615,0.32,5,49199,Female,Urban,60+,0
93967,484,0.46,13,11918,Female,Suburban,60+,0
28330,353,0.44,1,45916,Female,Rural,31-45,0
64153,336,0.17,17,35437,Male,Suburban,31-45,0
28611,569,0.17,5,18805,Female,Urban,31-45,1
33872,807,0.48,4,24598,Female,Urban,60+,0
69455,527,0.46,13,45517,Male,Urban,46-60,1
54930,727,0.29,16,7871,Male,Rural,31-45,1
92022,300,0.14,10,42257,Male,Urban,31-45,0
82714,322,0.11,0,42375,Male,Rural,46-60,1
108794,802,0.24,9,49879,Female,Urban,60+,1
68716,747,0.1,8,28148,Female,Urban,46-60,1
86704,795,0.22,19,10834,Male,Suburban,46-60,1
20415,724,0.31,11,47680,Male,Rural,46-60,1
96441,317,0.16,0,8399,Male,Suburban,31-45,1
90779,744,0.15,17,26762,Male,Rural,22-30,1
102069,338,0.55,11,45372,Female,Urban,60+,0
112556,509,0.39,1,15957,Male,Urban,60+,1
108444,510,0.57,0,45499,Male,Rural,22-30,1
91435,580,0.27,0,33340,Female,Suburban,46-60,1
119142,432,0.44,0,32138,Male,Rural,46-60,0
29888,748,0.2,11,20808,Male,Rural,60+,1
65299,563,0.41,6,33243,Male,Rural,31-45,0
78765,410,0.16,3,7261,Male,Urban,46-60,1
82714,537,0.1,19,16809,Male,Rural,46-60,1
35935,756,0.57,3,22696,Female,Urban,60+,1
93002,815,0.38,14,47824,Female,Suburban,31-45,1
100631,472,0.56,0,26891,Female,Urban,60+,1
96729,492,0.27,5,24125,Female,Suburban,60+,0
21320,814,0.26,13,5997,Male,Suburban,46-60,1
66032,708,0.3,13,11353,Male,Suburban,60+,0
97763,383,0.45,9,23703,Male,Urban,31-45,1
37907,379,0.38,6,40975,Male,Rural,22-30,0
58002,508,0.56,11,14275,Male,Urban,31-45,1
64838,821,0.11,18,24965,Male,Suburban,46-60,0
58912,498,0.45,8,37419,Female,Rural,22-30,1
20552,533,0.27,2,40854,Male,Urban,46-60,0
40140,543,0.19,3,20973,Male,Suburban,46-60,1
105591,692,0.36,12,28550,Female,Suburban,31-45,1
68737,745,0.35,9,31878,Female,Rural,60+,1
53367,692,0.17,13,22105,Male,Urban,60+,1
100634,308,0.2,5,38922,Female,Rural,22-30,0
44061,452,0.3,7,21029,Female,Rural,46-60,0
116590,409,0.3,18,44935,Male,Rural,31-45,0
100336,565,0.26,9,37784,Male,Rural,60+,1
62124,672,0.17,4,36601,Female,Urban,31-45,1
65638,451,0.1,4,44865,Female,Rural,46-60,0
111115,714,0.59,4,36545,Female,Suburban,60+,1
21982,625,0.57,8,18165,Female,Suburban,31-45,0
55765,475,0.34,8,23616,Female,Suburban,60+,1
102606,824,0.6,14,16654,Female,Rural,60+,1
116422,614,0.44,8,22830,Male,Suburban,31-45,1
74681,366,0.13,13,21205,Male,Urban,46-60,1
83232,483,0.16,5,47425,Female,Rural,46-60,1
82349,334,0.56,19,16959,Female,Rural,31-45,1
83474,804,0.42,7,27158,Male,Rural,31-45,1
49513,375,0.52,1,16819,Female,Urban,60+,1
42592,771,0.55,4,40851,Male,Rural,22-30,1
43618,822,0.32,16,47503,Female,Rural,31-45,1
71632,582,0.12,9,11952,Female,Suburban,46-60,0
35409,835,0.19,13,29225,Female,Suburban,22-30,1
29529,573,0.13,17,47231,Female,Rural,60+,1
44154,838,0.19,0,10391,Male,Urban,46-60,1
52882,353,0.31,1,19468,Male,Suburban,60+,1
64917,354,0.16,3,20091,Male,Rural,22-30,1
102488,576,0.18,12,35237,Male,Suburban,60+,1
35701,742,0.32,15,13964,Female,Suburban,31-45,1
95281,717,0.27,4,45682,Male,Urban,46-60,1
109871,524,0.33,9,31968,Male,Rural,31-45,0
88225,554,0.31,16,45205,Male,Suburban,60+,1
72492,475,0.42,10,16371,Female,Rural,46-60,0
22988,445,0.57,4,47541,Female,Urban,31-45,1
55919,684,0.15,14,30681,Female,Urban,60+,1
68426,561,0.15,3,33285,Female,Suburban,46-60,0
72167,830,0.53,6,42971,Female,Urban,22-30,0
29013,670,0.35,9,20430,Male,Suburban,22-30,1
59113,496,0.48,3,14033,Male,Rural,31-45,1
23574,583,0.21,19,24918,Male,Suburban,22-30,0
118016,601,0.51,4,23256,Male,Suburban,22-30,1
27838,431,0.56,4,36188,Female,Urban,46-60,1
113899,419,0.42,10,41088,Male,Rural,46-60,1
51368,435,0.15,18,19979,Female,Rural,46-60,1
52228,828,0.55,4,7728,Female,Suburban,31-45,0
69711,333,0.5,7,6595,Male,Rural,31-45,1
66097,831,0.48,6,37624,Male,Rural,31-45,0
75773,507,0.12,7,36568,Male,Suburban,60+,1
48639,598,0.5,12,7288,Male,Suburban,46-60,1
34823,821,0.17,4,44613,Male,Rural,31-45,0
43510,393,0.21,17,45431,Female,Suburban,46-60,0
58333,713,0.39,8,34011,Male,Urban,31-45,1
24435,670,0.23,1,22127,Female,Rural,22-30,1
58418,708,0.43,15,22878,Female,Suburban,31-45,1
77955,682,0.4,13,11944,Male,Rural,60+,1
79507,740,0.15,16,17302,Female,Rural,46-60,1
71033,746,0.43,5,47948,Female,Urban,31-45,1
106089,370,0.56,2,5207,Female,Urban,31-45,0
92972,383,0.18,16,6083,Female,Rural,46-60,1
67219,508,0.4,12,8311,Female,Urban,31-45,1
54477,558,0.27,5,28135,Male,Suburban,46-60,1
109780,538,0.33,7,46356,Male,Rural,46-60,1
62721,601,0.24,5,36219,Male,Urban,22-30,1
87228,531,0.28,15,21592,Female,Rural,46-60,0
35523,581,0.11,5,28932,Female,Rural,31-45,1
52326,693,0.59,16,24040,Male,Suburban,31-45,0
62205,717,0.41,2,10850,Female,Suburban,60+,0
20125,505,0.35,11,36716,Female,Suburban,22-30,1
86735,563,0.29,5,17719,Female,Urban,46-60,1
36375,610,0.37,6,26777,Female,Urban,31-45,0
22711,378,0.29,10,22022,Female,Urban,46-60,1
52437,641,0.28,8,38996,Male,Suburban,22-30,1
48022,394,0.33,15,32945,Male,Rural,46-60,1
29182,650,0.24,4,33788,Female,Suburban,31-45,1
113177,361,0.19,14,9019,Male,Urban,22-30,0
115066,441,0.38,3,14482,Male,Urban,31-45,1
108148,410,0.52,4,23580,Female,Urban,31-45,1
91531,826,0.18,6,14895,Male,Suburban,31-45,1
60950,456,0.12,2,19135,Male,Urban,60+,1
32920,838,0.22,3,15387,Female,Suburban,22-30,1
42144,308,0.59,14,34136,Male,Rural,31-45,0
104418,575,0.51,1,22359,Female,Suburban,46-60,0
22565,526,0.4,4,11121,Male,Urban,60+,1
108909,485,0.56,6,38796,Male,Rural,60+,1
73942,515,0.32,16,21909,Male,Urban,22-30,0
90560,732,0.59,7,7327,Male,Rural,22-30,0
44691,655,0.25,8,23930,Female,Urban,31-45,0
53799,691,0.22,9,40251,Female,Suburban,46-60,0
86777,574,0.42,10,40502,Male,Urban,22-30,0
54510,793,0.29,0,36547,Female,Suburban,22-30,1
107919,750,0.41,14,36688,Female,Suburban,46-60,1
97366,719,0.25,7,47498,Male,Rural,31-45,1
48975,463,0.41,18,47870,Male,Suburban,60+,1
73242,482,0.24,11,12304,Female,Suburban,31-45,1
66546,609,0.13,5,9049,Female,Suburban,60+,1
112087,316,0.56,9,19947,Female,Rural,60+,1
43267,745,0.54,4,14495,Female,Urban,31-45,0
97911,469,0.59,6,29707,Male,Urban,46-60,1
107049,579,0.46,6,38160,Female,Suburban,60+,1
89939,639,0.44,8,49544,Female,Suburban,31-45,1
24897,818,0.38,14,48635,Female,Urban,31-45,1
20163,310,0.16,5,35706,Male,Suburban,46-60,0
72540,823,0.19,15,40234,Female,Urban,46-60,1
102915,432,0.24,6,38993,Female,Rural,31-45,0
50030,447,0.55,14,19987,Male,Suburban,31-45,1
75313,378,0.19,1,24089,Male,Suburban,60+,0
49870,645,0.56,7,5461,Female,Urban,46-60,1
49482,548,0.36,11,14993,Male,Urban,60+,1
51058,841,0.46,10,16465,Female,Rural,31-45,1
77255,323,0.16,5,21535,Female,Suburban,31-45,0
112407,770,0.23,19,37640,Male,Urban,31-45,1
84930,500,0.58,12,15461,Male,Rural,31-45,1
70500,430,0.23,15,17366,Male,Urban,60+,1
46379,655,0.25,7,34895,Female,Urban,31-45,1
87787,449,0.2,16,6785,Male,Rural,46-60,0
43674,825,0.16,12,11242,Female,Rural,31-45,1
26590,603,0.22,3,29529,Male,Rural,22-30,1
51432,840,0.42,19,11356,Female,Rural,31-45,1
60426,349,0.33,9,28229,Female,Rural,22-30,1
69584,763,0.38,19,24844,Male,Rural,46-60,0
107663,539,0.16,15,23220,Male,Suburban,46-60,1
58015,781,0.5,16,47357,Female,Rural,22-30,0
93251,754,0.49,7,30651,Male,Suburban,46-60,1
89353,582,0.11,10,36686,Male,Urban,22-30,0
115029,634,0.29,4,27127,Male,Urban,31-45,1
102990,651,0.13,15,27662,Male,Rural,46-60,1
24600,626,0.5,7,39261,Male,Urban,60+,0
44690,635,0.47,15,30360,Male,Rural,46-60,0
53762,380,0.55,3,42931,Male,Rural,31-45,0
57499,386,0.22,5,47380,Female,Suburban,46-60,0
107988,557,0.33,7,19297,Male,Urban,22-30,1
27670,484,0.19,8,43472,Female,Rural,31-45,0
106687,422,0.29,12,27788,Male,Urban,31-45,0
37341,395,0.36,16,44456,Female,Suburban,22-30,0
115140,814,0.13,8,32011,Female,Urban,46-60,1
93823,742,0.46,12,33057,Male,Suburban,22-30,0
104074,813,0.37,8,23447,Male,Suburban,60+,1
37015,670,0.51,5,23404,Male,Suburban,22-30,1
85126,604,0.24,9,26141,Male,Rural,31-45,0
75197,656,0.55,4,27307,Female,Rural,22-30,1
69849,447,0.6,6,15341,Female,Urban,31-45,1
35852,584,0.56,10,45121,Male,Rural,46-60,1
75361,561,0.49,8,14142,Female,Rural,31-45,1
41258,790,0.51,9,45984,Male,Urban,46-60,1
82355,330,0.39,10,20932,Female,Suburban,60+,0
61508,567,0.2,2,17017,Male,Suburban,60+,1
87784,311,0.44,7,38337,Female,Urban,46-60,0
91728,490,0.46,16,42880,Male,Rural,60+,1
47410,699,0.59,6,6355,Female,Urban,22-30,0
29895,836,0.37,11,45824,Male,Urban,31-45,1
91942,390,0.24,15,21086,Male,Rural,46-60,1
53924,800,0.44,14,26515,Female,Urban,31-45,1
90831,600,0.59,12,19220,Female,Rural,60+,0
32264,410,0.19,17,38602,Female,Rural,60+,1
48038,379,0.26,17,16308,Female,Urban,60+,0
29136,732,0.37,4,5969,Female,Suburban,46-60,0
33213,716,0.19,13,38360,Male,Rural,46-60,1
97608,513,0.11,10,5254,Female,Suburban,31-45,0
47431,746,0.27,2,15306,Female,Rural,60+,1
62290,317,0.53,16,32541,Female,Suburban,60+,1
87539,353,0.12,11,7661,Female,Urban,46-60,1
105535,539,0.31,2,20309,Male,Rural,31-45,1
116815,717,0.48,1,46562,Male,Urban,46-60,0
62747,785,0.58,3,23223,Male,Urban,31-45,1
95974,743,0.59,17,10905,Male,Urban,60+,1
99763,422,0.31,19,7431,Female,Rural,46-60,0
89208,719,0.58,13,12756,Male,Urban,31-45,1
92994,515,0.12,7,10353,Male,Urban,31-45,1
104075,719,0.47,1,6737,Female,Rural,31-45,0
89015,527,0.42,18,21868,Female,Urban,31-45,0
34887,536,0.22,9,37476,Female,Rural,22-30,0
20051,629,0.35,4,29325,Female,Urban,60+,1
87695,768,0.16,10,17326,Female,Suburban,46-60,0
89926,786,0.54,8,29586,Female,Urban,46-60,0
105571,848,0.28,15,17911,Male,Suburban,22-30,1
48491,714,0.41,4,34080,Male,Rural,46-60,1
36080,518,0.18,14,27635,Female,Suburban,31-45,1
54880,680,0.2,13,10213,Male,Rural,31-45,1
79965,386,0.6,8,43995,Female,Urban,31-45,0
67361,760,0.48,19,32940,Female,Suburban,46-60,1
107685,710,0.58,4,49047,Male,Urban,46-60,1
100875,824,0.25,14,28365,Male,Suburban,60+,1
114841,746,0.18,8,13796,Male,Rural,46-60,1
86890,599,0.35,3,22352,Male,Rural,22-30,1
91156,707,0.35,3,21820,Male,Rural,60+,0
89290,674,0.19,19,15966,Female,Rural,22-30,1
36593,532,0.47,6,6809,Male,Urban,46-60,0
36167,348,0.28,14,44314,Male,Urban,22-30,1
108091,485,0.19,16,45875,Female,Urban,22-30,0
53005,504,0.27,17,10505,Male,Urban,31-45,1
85471,377,0.38,6,35649,Male,Urban,31-45,0
70728,780,0.46,18,10257,Male,Rural,46-60,1
28691,685,0.34,9,20051,Male,Urban,46-60,1
29756,493,0.36,12,9909,Male,Urban,31-45,1
56308,402,0.17,1,32345,Female,Urban,31-45,0
84079,675,0.56,19,19866,Male,Rural,60+,1
85524,586,0.56,10,47789,Male,Rural,31-45,1
80466,781,0.44,4,29868,Female,Rural,22-30,1
29327,549,0.11,5,33527,Male,Rural,46-60,1
48520,500,0.37,2,5461,Female,Urban,22-30,0
63308,835,0.41,0,33460,Female,Urban,31-45,0
114436,760,0.6,2,8233,Female,Suburban,46-60,0
36533,599,0.6,2,17128,Male,Urban,31-45,0
117417,777,0.53,3,10202,Male,Rural,31-45,0
113318,382,0.13,6,40707,Male,Rural,31-45,1
64488,757,0.58,14,36258,Male,Urban,31-45,0
87160,597,0.41,10,36238,Female,Suburban,46-60,0
60429,663,0.5,17,18722,Female,Rural,46-60,1
71726,339,0.3,11,23047,Female,Suburban,60+,1
106348,639,0.26,3,8301,Male,Rural,22-30,1
93065,815,0.33,10,37544,Female,Rural,60+,1
40653,407,0.17,5,36583,Male,Urban,60+,1
76921,615,0.28,18,32513,Female,Rural,60+,0
113396,413,0.53,17,20640,Female,Suburban,60+,0
33654,466,0.12,14,27413,Female,Suburban,31-45,1
22108,560,0.18,2,21805,Male,Urban,46-60,0
89483,523,0.16,16,25133,Female,Rural,22-30,1
27899,561,0.3,0,26355,Female,Suburban,60+,1
33372,550,0.6,1,28229,Male,Urban,22-30,1
57682,825,0.19,18,9433,Female,Suburban,22-30,1
115909,425,0.17,8,38033,Female,Urban,31-45,1
87799,505,0.56,7,40618,Male,Suburban,31-45,1
111724,439,0.54,11,6378,Male,Rural,46-60,0
56583,361,0.12,14,11503,Male,Suburban,60+,0
49295,582,0.48,6,44925,Male,Suburban,22-30,0
86113,353,0.43,15,47774,Female,Urban,46-60,1
100565,645,0.48,6,38617,Female,Urban,46-60,1
69574,823,0.35,19,9814,Male,Urban,22-30,1
84934,435,0.6,11,28763,Female,Suburban,60+,0
50066,629,0.12,16,15000,Female,Urban,31-45,0
103149,443,0.22,10,20288,Male,Rural,22-30,0
105096,735,0.3,3,8274,Female,Urban,31-45,1
28945,581,0.32,18,19227,Female,Urban,46-60,1
49418,435,0.56,1,22279,Female,Rural,22-30,0
102607,788,0.38,1,14368,Male,Urban,60+,1
69874,700,0.12,16,49713,Female,Urban,31-45,1
37130,748,0.3,8,47736,Female,Suburban,22-30,1
106257,569,0.31,0,36006,Female,Suburban,60+,0
88248,316,0.58,9,32380,Male,Urban,31-45,0
102627,568,0.4,14,32968,Male,Rural,31-45,1
101393,781,0.42,14,14651,Female,Urban,46-60,1
61394,518,0.46,1,18903,Female,Urban,22-30,0
69635,618,0.49,13,23927,Male,Urban,31-45,1
119837,537,0.42,3,12771,Male,Suburban,46-60,1
102089,844,0.22,17,18460,Male,Rural,31-45,1
37404,584,0.54,8,9637,Male,Rural,60+,0
92629,336,0.47,1,45834,Female,Rural,31-45,0
33156,402,0.47,1,8553,Male,Suburban,46-60,1
75618,729,0.6,17,39117,Male,Suburban,22-30,1
69999,538,0.5,16,40754,Male,Urban,60+,0
33785,424,0.51,8,28580,Male,Suburban,46-60,1
68359,487,0.58,7,16522,Female,Urban,22-30,1
110807,555,0.18,1,39890,Female,Suburban,31-45,1
34694,829,0.35,1,33204,Female,Urban,22-30,1
56114,691,0.39,4,18892,Female,Suburban,60+,1
89549,767,0.26,11,13689,Male,Rural,31-45,1
77230,552,0.52,15,33063,Female,Urban,46-60,1
52799,475,0.48,13,19062,Female,Suburban,31-45,1
110288,765,0.46,19,6363,Male,Suburban,31-45,1
31156,588,0.6,1,21691,Female,Urban,31-45,1
30304,349,0.23,7,7751,Female,Suburban,31-45,1
60645,303,0.47,3,12782,Female,Rural,31-45,1
58938,799,0.38,19,22648,Male,Urban,31-45,1
76982,522,0.26,8,17540,Male,Urban,31-45,1
97614,561,0.18,19,10339,Male,Urban,31-45,0
111614,834,0.55,18,32020,Female,Urban,46-60,1
22315,675,0.4,1,32609,Male,Urban,22-30,1
112756,360,0.51,15,10848,Male,Rural,46-60,0
117267,655,0.37,10,21877,Female,Urban,46-60,0
118369,323,0.21,7,23405,Male,Rural,22-30,1
32420,592,0.27,11,26471,Female,Rural,22-30,0
38312,655,0.29,2,8302,Female,Rural,46-60,0
41395,328,0.59,12,19437,Male,Urban,46-60,0
60301,656,0.1,1,19512,Female,Rural,22-30,1
66972,664,0.59,12,37436,Female,Urban,22-30,1
83294,708,0.59,7,28511,Female,Rural,31-45,0
100853,565,0.6,14,10022,Male,Urban,60+,1
68225,590,0.34,8,48239,Female,Suburban,31-45,0
102504,452,0.58,10,11155,Male,Suburban,60+,1
42854,518,0.3,2,36480,Male,Rural,60+,1
90780,472,0.11,6,43022,Female,Suburban,22-30,1
50929,311,0.21,13,30332,Female,Rural,46-60,0
77103,815,0.57,14,9354,Female,Rural,31-45,1
83620,661,0.11,8,36847,Female,Rural,22-30,0
109590,776,0.37,19,40284,Female,Suburban,22-30,0
104124,381,0.14,10,15156,Male,Rural,22-30,1
64590,639,0.24,6,27453,Male,Suburban,60+,1
92554,740,0.14,11,37689,Female,Suburban,46-60,1
30621,525,0.53,18,28758,Male,Urban,31-45,0
20973,670,0.4,17,13838,Male,Suburban,46-60,1
78786,327,0.55,12,48790,Male,Urban,31-45,1
57097,315,0.44,10,42976,Female,Rural,60+,1
54245,576,0.59,0,18725,Male,Rural,31-45,1
85211,632,0.35,5,14337,Male,Urban,31-45,1
74841,782,0.42,1,15701,Male,Rural,46-60,1
45346,587,0.39,12,34811,Female,Urban,22-30,1
91980,413,0.34,12,48043,Male,Urban,60+,1
110417,337,0.52,18,43978,Female,Rural,46-60,0
69153,753,0.42,8,34316,Male,Urban,31-45,0
110382,465,0.5,18,16544,Female,Urban,46-60,1
96942,504,0.49,0,26514,Male,Urban,46-60,0
110975,544,0.2,7,21327,Female,Rural,31-45,1
25972,632,0.43,13,21705,Male,Rural,46-60,0
68063,695,0.2,15,15479,Female,Rural,60+,1
85488,806,0.39,3,16323,Female,Rural,22-30,0
77055,420,0.44,17,17937,Male,Rural,22-30,1
84366,558,0.6,13,28089,Male,Suburban,31-45,1
30931,709,0.12,8,6702,Female,Suburban,22-30,1
27702,609,0.15,14,15404,Female,Urban,60+,1
104834,367,0.14,2,38598,Male,Suburban,60+,1
41540,413,0.3,3,13380,Female,Rural,22-30,0
77450,519,0.51,17,26990,Male,Rural,60+,0
117576,519,0.52,13,37859,Male,Rural,60+,1
85252,772,0.47,14,8877,Female,Urban,46-60,0
66904,685,0.55,7,47871,Male,Urban,46-60,1
72320,597,0.26,9,23720,Female,Urban,22-30,1
51000,552,0.14,11,12676,Male,Urban,46-60,0
115341,704,0.13,8,36818,Male,Urban,60+,1
22599,791,0.53,7,39348,Male,Urban,31-45,1
107636,656,0.47,16,47368,Male,Suburban,31-45,1
116045,727,0.45,8,29130,Male,Rural,46-60,0
104719,514,0.27,12,38241,Male,Suburban,31-45,1
76165,679,0.29,13,49392,Male,Urban,31-45,0
78855,513,0.58,4,31620,Male,Rural,31-45,1
20018,397,0.13,8,22077,Male,Rural,46-60,0
20858,827,0.49,15,17663,Male,Rural,22-30,1
45992,827,0.25,18,22799,Male,Suburban,46-60,1
52580,834,0.12,6,22619,Male,Rural,31-45,0
90916,848,0.47,11,8967,Female,Urban,31-45,1
55800,627,0.27,1,32488,Female,Urban,22-30,1
78770,464,0.46,17,18211,Male,Suburban,60+,1
74941,415,0.45,17,26169,Male,Suburban,31-45,1
104451,449,0.37,15,35373,Female,Urban,46-60,1
57487,817,0.49,10,37669,Male,Suburban,31-45,0
32943,331,0.39,1,11634,Male,Rural,22-30,0
81457,592,0.24,13,5840,Male,Suburban,60+,1
38836,476,0.47,3,39229,Female,Rural,46-60,1
31394,360,0.39,6,26318,Male,Rural,60+,1
92158,715,0.11,1,20405,Female,Rural,22-30,1
45280,682,0.55,13,41240,Female,Rural,46-60,0
97318,306,0.37,6,20847,Male,Rural,31-45,1
21159,384,0.53,8,28547,Female,Urban,22-30,1
90162,697,0.54,7,11575,Female,Urban,46-60,1
43440,692,0.32,8,35123,Female,Urban,46-60,0
97166,346,0.35,6,9843,Male,Rural,31-45,1
72712,640,0.31,18,32451,Male,Suburban,60+,1
67656,797,0.32,16,12739,Female,Suburban,31-45,1
26589,777,0.55,12,19852,Male,Rural,60+,1
68241,725,0.49,10,14157,Female,Suburban,31-45,1
43233,725,0.16,17,27406,Male,Rural,22-30,0
55011,814,0.41,16,12432,Male,Suburban,46-60,1
28177,428,0.6,15,23837,Female,Rural,60+,0
54528,548,0.4,9,20148,Male,Suburban,60+,1
81351,430,0.49,3,16194,Female,Suburban,22-30,0
111908,622,0.48,3,37591,Male,Urban,22-30,0
76831,842,0.28,10,19819,Female,Suburban,46-60,1
71827,365,0.29,7,11625,Male,Suburban,31-45,0
43508,400,0.46,8,12404,Female,Rural,31-45,0
74933,330,0.35,15,19674,Male,Suburban,46-60,1
100501,490,0.39,9,15507,Male,Suburban,31-45,1
88772,714,0.46,8,25387,Female,Suburban,22-30,0
35611,799,0.49,2,23697,Male,Suburban,22-30,1
42282,345,0.24,1,42391,Female,Suburban,46-60,1
61003,388,0.17,8,24547,Male,Urban,31-45,1
101365,674,0.25,12,28570,Female,Suburban,46-60,1
94216,545,0.35,5,44783,Female,Rural,22-30,1
31340,556,0.27,3,33037,Female,Rural,22-30,1
116629,651,0.38,13,35083,Female,Suburban,46-60,1
106643,404,0.13,10,45550,Female,Suburban,60+,1
94684,636,0.35,1,42982,Female,Suburban,46-60,1
103035,825,0.28,2,44706,Female,Urban,31-45,1
38165,600,0.37,4,7988,Female,Rural,46-60,0
110762,376,0.31,6,10156,Male,Urban,60+,1
38260,810,0.24,10,43280,Male,Urban,31-45,1
74515,529,0.55,11,14788,Male,Suburban,31-45,1
110452,331,0.19,10,19185,Male,Suburban,31-45,1
50480,357,0.44,18,23734,Female,Rural,46-60,1
72527,403,0.56,12,14971,Female,Suburban,46-60,1
79789,611,0.37,3,48408,Male,Rural,46-60,0
71902,366,0.54,13,11487,Male,Urban,22-30,1
52191,673,0.16,11,25997,Female,Rural,60+,0
79488,534,0.35,1,17452,Male,Rural,60+,1
95082,411,0.33,7,20372,Female,Rural,31-45,0
56044,688,0.1,18,49767,Male,Urban,31-45,0
69600,707,0.32,12,18434,Female,Urban,22-30,1
107457,353,0.28,0,17416,Female,Suburban,46-60,0
68776,538,0.43,4,24248,Male,Suburban,60+,0
32836,594,0.57,10,33194,Male,Rural,31-45,1
94525,411,0.14,10,38785,Female,Rural,22-30,0
72648,387,0.26,12,42458,Male,Urban,22-30,1
33740,775,0.32,1,13373,Male,Urban,31-45,0
115716,603,0.33,18,35283,Female,Urban,31-45,1
33102,604,0.49,15,34415,Male,Rural,31-45,1
100893,589,0.32,4,31414,Male,Rural,46-60,1
71334,507,0.11,13,19378,Female,Urban,31-45,1
50255,669,0.46,18,23336,Female,Rural,22-30,1
45221,519,0.54,4,9700,Female,Urban,31-45,1
83265,530,0.36,8,18901,Male,Suburban,31-45,0
20719,648,0.39,11,29838,Female,Urban,31-45,0
103442,554,0.18,15,27597,Male,Rural,22-30,1
43140,751,0.21,18,38428,Male,Rural,46-60,0
75779,441,0.22,14,45149,Male,Rural,31-45,1
21069,368,0.32,16,40687,Male,Rural,31-45,1
74714,388,0.56,14,34493,Female,Urban,46-60,1
93285,435,0.36,2,36852,Male,Urban,22-30,1
32935,822,0.2,16,15932,Male,Suburban,22-30,1
64035,741,0.23,12,28009,Male,Urban,60+,1
116256,337,0.29,8,38583,Female,Suburban,31-45,1
47937,507,0.41,12,32994,Female,Urban,31-45,1
38540,509,0.32,15,34865,Female,Urban,31-45,1
93480,812,0.3,18,17289,Male,Rural,31-45,0
68702,659,0.38,13,33293,Male,Suburban,22-30,1
98283,300,0.22,7,9734,Female,Rural,46-60,0
96041,680,0.14,18,25013,Female,Rural,60+,0
97233,836,0.11,2,40521,Male,Urban,22-30,1
56907,693,0.23,17,11505,Female,Urban,46-60,0
35221,349,0.15,15,49327,Male,Suburban,22-30,0
74781,695,0.27,13,9685,Female,Suburban,46-60,1
27087,331,0.49,15,23409,Male,Urban,60+,0
106998,844,0.46,16,24517,Male,Suburban,46-60,1
42789,533,0.41,19,49533,Male,Urban,60+,0
76023,325,0.53,10,35475,Female,Urban,31-45,1
53400,733,0.24,12,41989,Female,Urban,31-45,0
22199,360,0.54,10,20327,Male,Suburban,46-60,0
67316,740,0.3,3,8671,Female,Rural,46-60,0
107273,429,0.3,13,9941,Male,Suburban,31-45,0
72062,653,0.3,4,31372,Female,Rural,46-60,1
91609,497,0.15,3,17466,Female,Suburban,22-30,1
36744,670,0.59,0,23286,Male,Rural,31-45,0
96095,446,0.17,13,49959,Female,Rural,60+,1
75517,797,0.27,6,9588,Female,Suburban,60+,1
118231,347,0.26,9,33080,Male,Suburban,31-45,0
68865,471,0.14,1,29544,Male,Rural,22-30,1
93937,614,0.18,9,15811,Male,Urban,60+,0
97195,675,0.12,2,23733,Male,Rural,22-30,1
33894,832,0.25,7,45696,Female,Rural,46-60,1
49160,719,0.53,9,44888,Female,Urban,60+,0
73095,695,0.27,7,35059,Male,Rural,31-45,1
49272,821,0.16,13,42487,Female,Urban,31-45,1
74021,486,0.42,17,45849,Male,Urban,46-60,1
110048,332,0.6,8,19550,Male,Suburban,22-30,0
53645,368,0.22,8,15864,Male,Rural,22-30,1
41179,490,0.24,3,30394,Female,Rural,22-30,1
30691,400,0.59,2,24061,Female,Urban,31-45,1
101646,784,0.19,13,17624,Female,Rural,46-60,1
65311,584,0.36,13,29934,Male,Urban,60+,0
115381,689,0.22,15,8361,Male,Rural,60+,0
59038,459,0.57,4,18707,Female,Rural,31-45,1
44967,346,0.59,19,6924,Female,Urban,46-60,1
48478,458,0.51,14,34487,Female,Urban,31-45,1
75775,745,0.26,8,17647,Female,Rural,31-45,0
90624,822,0.3,6,36734,Male,Rural,46-60,1
60332,454,0.22,12,34018,Female,Urban,46-60,1
27066,638,0.55,7,26627,Female,Suburban,46-60,1
59313,664,0.56,11,26031,Male,Suburban,22-30,0
87857,447,0.31,3,44449,Female,Rural,22-30,1
65900,443,0.43,15,7701,Female,Rural,60+,0
110069,402,0.18,5,47890,Female,Rural,31-45,1
110045,392,0.32,4,21719,Male,Urban,22-30,1
61098,585,0.42,0,14718,Male,Rural,46-60,0
28294,723,0.29,13,5056,Female,Rural,22-30,1
82580,418,0.28,8,20352,Male,Rural,46-60,1
58101,328,0.1,17,8147,Female,Suburban,46-60,1
45059,810,0.5,5,8537,Female,Rural,22-30,1
116784,329,0.54,14,27812,Male,Rural,46-60,0
60626,665,0.58,15,5721,Female,Urban,31-45,0
40703,437,0.46,7,21769,Male,Suburban,60+,0
81417,774,0.37,18,45194,Male,Urban,46-60,0
79228,691,0.23,4,48847,Male,Rural,31-45,0
23205,734,0.6,13,19346,Female,Rural,31-45,0
54929,533,0.39,6,44883,Female,Rural,60+,1
103384,354,0.44,3,15911,Female,Rural,46-60,0
53411,591,0.44,0,5259,Female,Rural,46-60,1
100522,611,0.52,3,25872,Male,Urban,31-45,1
31628,847,0.1,13,13791,Female,Rural,31-45,1
90089,388,0.21,15,12536,Female,Rural,46-60,1
26518,511,0.43,6,25432,Male,Suburban,22-30,0
58491,617,0.55,9,37750,Male,Suburban,60+,1
27946,764,0.44,9,46715,Female,Rural,31-45,1
20610,386,0.31,3,49537,Male,Rural,46-60,0
89838,708,0.28,11,24541,Female,Rural,22-30,1
54311,539,0.47,5,48718,Female,Rural,31-45,0
119770,356,0.47,12,21860,Male,Rural,31-45,1
61876,412,0.4,0,10283,Male,Rural,31-45,1
100192,369,0.25,7,35743,Female,Urban,46-60,1
70333,483,0.56,15,47559,Female,Urban,31-45,1
71298,575,0.38,4,40127,Female,Urban,46-60,0
104192,532,0.5,6,12405,Female,Suburban,46-60,1
61811,353,0.21,2,36181,Female,Rural,31-45,1
90072,556,0.27,1,37205,Male,Suburban,46-60,1
62974,389,0.54,1,29408,Female,Suburban,31-45,1
39856,734,0.13,19,22645,Male,Suburban,22-30,0
64830,707,0.36,9,11323,Male,Urban,31-45,1
101983,568,0.34,19,10937,Male,Rural,31-45,0
65823,665,0.48,8,48798,Female,Rural,60+,1
118863,650,0.24,17,35431,Female,Suburban,31-45,1
94397,598,0.21,5,22882,Male,Urban,22-30,0
105814,458,0.56,19,30324,Male,Suburban,60+,0
87078,786,0.39,5,18003,Male,Suburban,31-45,0
87951,825,0.15,9,48346,Male,Rural,31-45,1
32905,654,0.2,8,30106,Male,Urban,31-45,1
41601,700,0.6,8,17979,Female,Rural,22-30,1
107099,704,0.2,2,39977,Male,Suburban,31-45,1
60955,395,0.41,11,49828,Female,Rural,46-60,0
92179,691,0.31,10,12228,Male,Suburban,60+,0
68435,651,0.54,13,14300,Male,Urban,22-30,1
44044,587,0.48,18,13681,Female,Rural,46-60,0
31246,822,0.4,9,45964,Female,Rural,31-45,0
22458,461,0.11,18,13267,Male,Rural,60+,1
78507,481,0.54,4,10372,Female,Rural,22-30,1
26028,848,0.32,8,43918,Female,Rural,31-45,1
71901,381,0.57,0,15920,Male,Urban,60+,0
26306,823,0.35,14,21856,Male,Urban,31-45,1
47678,303,0.45,3,32785,Male,Rural,31-45,1
110444,794,0.13,6,22221,Female,Suburban,46-60,1
32363,350,0.47,5,30178,Male,Suburban,46-60,0
34066,560,0.27,14,38954,Male,Rural,31-45,0
83804,433,0.28,5,11461,Female,Rural,60+,1
68544,661,0.16,6,22865,Male,Urban,60+,1
118247,516,0.17,19,49232,Female,Urban,60+,0
20189,367,0.19,2,19052,Female,Rural,22-30,1
31752,442,0.26,12,35370,Male,Rural,22-30,1
27482,645,0.55,1,12332,Female,Suburban,46-60,0
36679,493,0.28,2,5327,Female,Urban,22-30,1
110088,545,0.46,12,27765,Male,Rural,46-60,0
20799,613,0.14,8,10239,Female,Urban,60+,1
110917,683,0.4,18,15078,Male,Rural,46-60,1
29934,576,0.34,17,12038,Male,Rural,31-45,1
77558,371,0.59,4,13048,Male,Rural,31-45,1
79223,428,0.52,9,33671,Male,Rural,60+,1
104620,657,0.33,13,19954,Male,Suburban,31-45,0
61556,824,0.49,16,40065,Female,Rural,22-30,1
29909,519,0.2,2,7779,Female,Suburban,22-30,0
111467,305,0.38,6,18225,Female,Suburban,46-60,0
111404,527,0.14,8,45086,Male,Rural,22-30,0
63558,316,0.27,4,37541,Male,Urban,22-30,0
99382,311,0.21,3,24720,Male,Urban,60+,0
107793,798,0.46,2,18531,Male,Rural,31-45,1
48013,801,0.35,12,10335,Female,Rural,60+,1
42875,369,0.48,8,14530,Female,Rural,60+,0
110253,407,0.36,6,29791,Male,Urban,60+,0
31408,500,0.14,7,45270,Male,Urban,60+,1
55607,351,0.47,9,6649,Male,Rural,31-45,0
81684,848,0.52,0,18472,Female,Urban,46-60,1
56281,558,0.55,19,7862,Female,Suburban,46-60,1
47326,781,0.39,0,30185,Male,Urban,46-60,0
33601,563,0.48,18,32134,Male,Urban,60+,0
21135,602,0.48,1,5917,Female,Rural,46-60,1
42741,424,0.18,11,17444,Female,Suburban,46-60,1
31913,569,0.18,12,46121,Male,Rural,22-30,0
30101,779,0.14,13,25521,Male,Urban,60+,1
38631,431,0.26,4,43217,Male,Suburban,46-60,1
92084,301,0.34,2,27066,Female,Rural,60+,1
56870,414,0.6,16,7811,Male,Urban,31-45,0
68985,780,0.32,0,41189,Female,Suburban,22-30,1
47215,300,0.46,13,14290,Male,Rural,31-45,1
82110,630,0.45,5,40489,Male,Suburban,60+,0
39215,690,0.2,16,32284,Male,Urban,22-30,1
111118,442,0.13,3,29698,Female,Rural,31-45,1
34024,627,0.37,5,48660,Male,Urban,60+,1
96949,676,0.45,0,24637,Female,Suburban,60+,1
101855,389,0.6,8,38556,Male,Urban,31-45,1
104982,341,0.28,3,21640,Female,Suburban,22-30,1
65483,334,0.55,8,9025,Male,Rural,60+,0
117572,793,0.29,8,36476,Female,Urban,46-60,1
98157,423,0.44,12,11741,Male,Rural,31-45,1
30511,356,0.4,16,8654,Female,Rural,60+,0
39923,755,0.13,2,45428,Female,Rural,46-60,1
30558,534,0.14,5,41019,Male,Rural,60+,1
117771,691,0.11,19,43036,Female,Urban,60+,1
20526,791,0.29,14,49549,Female,Urban,22-30,1
21753,642,0.47,13,34843,Male,Rural,22-30,0
46248,475,0.19,12,28560,Female,Rural,46-60,1
34656,351,0.4,8,45330,Male,Suburban,31-45,1
43266,849,0.24,14,20987,Male,Rural,22-30,0
84555,777,0.5,13,25810,Female,Suburban,46-60,1
82995,788,0.5,3,25311,Female,Suburban,60+,1
95756,304,0.49,10,39920,Female,Rural,60+,1
103574,508,0.36,1,13738,Female,Urban,22-30,1
98277,516,0.24,15,12888,Female,Suburban,22-30,1
90377,835,0.5,18,47864,Male,Urban,60+,1
116111,641,0.19,15,10474,Male,Rural,60+,1
85402,700,0.24,6,5488,Female,Rural,22-30,0
74176,761,0.19,10,29144,Female,Rural,31-45,0
61733,510,0.44,11,10622,Female,Rural,31-45,0
34418,325,0.44,3,36830,Female,Suburban,46-60,1
57185,551,0.43,15,41542,Female,Suburban,46-60,1
61745,302,0.31,15,44214,Male,Urban,31-45,0
113417,301,0.15,6,32648,Male,Urban,46-60,0
73787,301,0.56,12,37697,Male,Suburban,31-45,1
100123,449,0.35,4,30223,Female,Rural,31-45,1
72035,303,0.3,0,26865,Female,Urban,46-60,1
107804,796,0.39,4,13572,Female,Suburban,22-30,1
85984,849,0.2,13,45601,Male,Urban,31-45,1
72462,767,0.17,10,48026,Male,Suburban,46-60,0
57353,369,0.3,1,28501,Male,Rural,31-45,0
93644,500,0.21,17,31866,Male,Suburban,46-60,1
68302,607,0.22,14,17416,Female,Urban,31-45,1
96979,551,0.55,13,30775,Female,Suburban,31-45,1
42435,586,0.37,12,34080,Female,Urban,22-30,0
77728,591,0.34,1,9887,Female,Urban,22-30,0
118598,453,0.44,18,24374,Female,Urban,31-45,1
21238,432,0.58,7,21605,Female,Rural,31-45,0
100857,573,0.16,16,20684,Male,Rural,46-60,1
101610,808,0.52,14,29002,Female,Suburban,46-60,1
33049,652,0.39,19,31015,Female,Suburban,46-60,0
77193,304,0.17,13,27972,Female,Urban,46-60,0
55584,592,0.25,2,5617,Female,Rural,60+,0
86634,659,0.34,16,40338,Female,Suburban,46-60,1
34679,513,0.45,2,11309,Female,Suburban,22-30,1
54505,705,0.22,12,24139,Female,Rural,31-45,1
71341,735,0.37,17,7790,Female,Urban,22-30,1
70374,314,0.44,0,12826,Male,Suburban,31-45,1
66998,572,0.32,6,17134,Male,Urban,31-45,1
96970,344,0.53,4,24693,Male,Rural,60+,0
75701,711,0.53,1,9054,Female,Rural,46-60,1
64859,486,0.34,16,21090,Male,Suburban,60+,1
53178,469,0.59,9,28808,Female,Suburban,60+,0
47575,700,0.14,3,45449,Male,Rural,60+,0
39329,545,0.1,8,20569,Male,Urban,46-60,1
77254,342,0.29,10,37227,Female,Urban,46-60,1
104029,478,0.4,11,11508,Female,Rural,22-30,1
107366,756,0.41,11,21608,Female,Suburban,60+,1
93662,834,0.34,17,28523,Female,Rural,31-45,1
60068,543,0.16,3,15433,Male,Suburban,22-30,1
78951,316,0.19,8,36939,Male,Urban,31-45,1
107629,411,0.53,7,29520,Female,Suburban,60+,0
55171,846,0.53,18,16888,Male,Urban,31-45,1
28262,329,0.44,12,35932,Male,Rural,31-45,0
63270,491,0.43,1,24734,Male,Suburban,22-30,1
40785,736,0.4,18,8827,Female,Urban,22-30,1
59469,478,0.2,13,21257,Female,Suburban,46-60,1
88831,773,0.31,4,37194,Female,Urban,46-60,0
101223,433,0.45,9,36318,Male,Urban,46-60,1
65643,611,0.37,16,21793,Female,Rural,46-60,1
87657,324,0.11,19,39684,Female,Rural,31-45,1
23582,670,0.58,15,33014,Male,Suburban,60+,1
50280,824,0.52,16,7859,Female,Urban,31-45,0
62589,618,0.23,0,44840,Female,Rural,46-60,0
60000,529,0.41,14,36856,Female,Suburban,60+,1
117208,401,0.56,16,39819,Male,Rural,31-45,0
21085,749,0.15,10,25085,Female,Suburban,31-45,0
101427,677,0.35,4,13214,Male,Rural,60+,1
35600,502,0.33,3,40736,Male,Rural,60+,1
117994,566,0.31,8,46704,Male,Urban,46-60,0
79801,761,0.52,15,5601,Male,Urban,22-30,1
81739,664,0.29,11,29318,Male,Rural,46-60,1
94181,403,0.13,17,20451,Male,Urban,46-60,1
61596,410,0.13,2,10274,Female,Rural,31-45,0
90410,727,0.12,14,23226,Female,Suburban,22-30,1
99303,768,0.3,17,48634,Male,Rural,46-60,1
72188,549,0.46,11,35926,Male,Rural,46-60,1
46825,781,0.2,12,24046,Female,Suburban,31-45,1
30913,630,0.42,0,13674,Female,Suburban,60+,0
101751,500,0.44,3,24023,Female,Urban,31-45,1
104269,753,0.23,7,26910,Male,Suburban,31-45,1
34332,803,0.4,18,16503,Male,Urban,22-30,0
74895,845,0.44,4,10368,Female,Rural,31-45,1
24432,410,0.33,10,28527,Male,Suburban,31-45,1
108095,843,0.27,16,27487,Male,Rural,60+,1
46570,508,0.41,16,41593,Male,Urban,46-60,1
26103,332,0.59,1,15391,Male,Suburban,60+,1
35900,406,0.31,0,14874,Female,Urban,31-45,1
78415,564,0.3,3,8608,Male,Urban,31-45,1
87567,525,0.33,8,35451,Male,Suburban,31-45,1
82713,786,0.14,1,44646,Male,Suburban,46-60,1
103169,478,0.38,2,38786,Male,Urban,31-45,1
78639,521,0.26,5,32546,Female,Suburban,46-60,0
108728,669,0.16,12,47378,Male,Urban,22-30,0
105476,466,0.33,14,40268,Male,Rural,46-60,1
28988,599,0.1,10,7667,Female,Rural,22-30,1
98488,680,0.3,9,47346,Male,Suburban,60+,1
112905,334,0.15,2,10230,Male,Suburban,46-60,1
22977,706,0.11,19,30720,Male,Rural,60+,1
74641,801,0.51,8,48023,Male,Urban,31-45,1
21268,613,0.56,9,42602,Female,Urban,46-60,0
74431,400,0.2,11,6546,Female,Urban,46-60,1
36756,514,0.37,7,20050,Female,Suburban,60+,1
40764,361,0.24,16,35134,Male,Urban,46-60,0
79912,668,0.35,4,20640,Male,Suburban,31-45,1
60385,667,0.32,7,25828,Female,Suburban,46-60,1
35032,393,0.23,17,19284,Female,Suburban,60+,0
115014,768,0.45,10,8423,Male,Rural,46-60,0
65702,325,0.16,9,33577,Male,Urban,22-30,0
31885,734,0.13,14,24070,Male,Suburban,46-60,0
29796,420,0.48,5,7332,Male,Urban,22-30,1
52863,349,0.43,18,11066,Male,Rural,22-30,1
101014,335,0.35,16,23040,Male,Urban,46-60,1
52117,709,0.33,9,43806,Male,Rural,22-30,1
40753,588,0.35,4,13583,Male,Suburban,22-30,1
40325,678,0.32,15,43057,Male,Suburban,46-60,1
27021,399,0.3,11,27604,Male,Rural,60+,1
100721,623,0.35,4,31564,Female,Suburban,60+,0
73096,628,0.36,0,38064,Male,Urban,31-45,0
91404,520,0.45,1,27857,Male,Urban,31-45,1
33071,409,0.46,4,33941,Male,Rural,22-30,0
84649,448,0.29,18,42962,Female,Urban,22-30,1
28041,705,0.31,14,43573,Male,Suburban,22-30,1
102051,709,0.29,0,30692,Female,Suburban,46-60,1
60058,428,0.37,10,21879,Male,Suburban,31-45,1
68263,783,0.33,17,40763,Female,Urban,31-45,0
111502,407,0.54,2,21477,Female,Suburban,60+,1
64470,688,0.45,8,11393,Male,Urban,22-30,0
107826,724,0.55,3,38488,Female,Rural,46-60,0
116238,746,0.45,12,26459,Female,Suburban,31-45,1
48223,367,0.59,8,44093,Male,Rural,60+,1
53575,365,0.42,2,17554,Male,Urban,31-45,1
65799,803,0.58,15,42867,Male,Urban,31-45,1
41661,803,0.18,7,17568,Male,Rural,60+,1
101975,620,0.13,6,41794,Male,Suburban,46-60,0
56432,746,0.39,16,10057,Male,Suburban,31-45,1
119047,509,0.59,15,22490,Female,Suburban,31-45,0
51147,669,0.31,17,10305,Female,Rural,22-30,1
49114,757,0.21,15,37740,Male,Urban,31-45,1
26030,462,0.36,14,49682,Male,Rural,31-45,1
110051,631,0.42,1,29118,Male,Urban,31-45,1
67429,649,0.26,19,11674,Male,Suburban,60+,0
67743,767,0.46,3,47331,Female,Suburban,46-60,1
115869,725,0.59,4,29998,Female,Urban,60+,1
85615,626,0.55,6,20316,Male,Suburban,46-60,1
67577,405,0.25,14,21217,Female,Rural,60+,1
114584,554,0.26,16,7005,Female,Urban,31-45,0
22966,657,0.29,9,19602,Male,Suburban,46-60,0
23728,743,0.3,19,26645,Male,Suburban,22-30,1
57304,412,0.15,8,18987,Female,Suburban,60+,1
69277,329,0.48,15,18543,Male,Suburban,46-60,0
110330,823,0.28,2,32944,Male,Urban,31-45,0
20947,345,0.54,8,14144,Male,Urban,60+,1
98101,470,0.56,7,48882,Female,Suburban,22-30,1
101380,429,0.11,6,43459,Female,Rural,46-60,1
86130,652,0.59,16,44827,Female,Rural,22-30,1
41414,502,0.46,4,35741,Female,Rural,46-60,1
116226,525,0.36,6,9479,Male,Rural,22-30,1
102060,379,0.29,12,9198,Male,Urban,46-60,0
113005,609,0.36,17,14091,Female,Urban,31-45,1
39439,334,0.26,13,9205,Female,Rural,31-45,1
111742,460,0.41,17,8641,Male,Urban,31-45,1
78220,734,0.15,2,8543,Female,Rural,31-45,0
66785,837,0.41,16,10591,Female,Suburban,60+,1
56973,524,0.24,18,49601,Female,Suburban,46-60,0
107091,745,0.11,6,34341,Female,Rural,60+,1
93318,616,0.38,3,34055,Female,Urban,46-60,1
88196,713,0.39,14,11116,Female,Rural,46-60,1
26089,394,0.31,7,5761,Female,Urban,46-60,0
90854,524,0.14,15,7407,Male,Suburban,46-60,1
82235,365,0.55,0,36594,Male,Urban,60+,1
112141,696,0.41,15,5885,Male,Rural,46-60,0
49400,509,0.16,1,37195,Female,Suburban,31-45,1
35405,773,0.36,1,40411,Male,Suburban,31-45,1
72763,789,0.35,7,32819,Male,Urban,31-45,1
50209,479,0.13,11,16125,Male,Suburban,46-60,1
93598,823,0.4,10,26494,Male,Suburban,22-30,1
37424,758,0.5,5,39236,Female,Urban,31-45,1
109523,367,0.47,18,29585,Male,Suburban,46-60,1
40556,628,0.2,17,27045,Male,Rural,60+,1
113137,501,0.53,4,27447,Male,Urban,31-45,1
39330,774,0.27,14,44783,Male,Urban,46-60,1
101266,817,0.57,7,31238,Female,Urban,60+,1
23236,314,0.14,5,44091,Female,Urban,22-30,1
89216,341,0.34,11,46703,Male,Rural,46-60,1
50312,842,0.4,18,40196,Male,Urban,22-30,1
41191,588,0.22,11,16685,Male,Rural,46-60,1
103457,832,0.49,11,17738,Male,Urban,60+,0
56640,543,0.41,8,47076,Female,Urban,31-45,1
82293,473,0.11,9,20772,Female,Suburban,31-45,1
56688,833,0.4,16,15633,Male,Suburban,60+,1
91229,808,0.35,17,28492,Female,Rural,31-45,1
105802,543,0.2,15,48961,Female,Suburban,31-45,1
112024,359,0.6,3,41855,Male,Urban,31-45,1
44122,403,0.55,17,11228,Male,Rural,46-60,1
61224,602,0.25,2,7831,Female,Suburban,31-45,0
114540,376,0.37,15,25045,Female,Urban,31-45,0
26331,317,0.26,13,23132,Female,Suburban,22-30,1
107102,833,0.49,8,16055,Male,Suburban,46-60,1
62262,483,0.57,5,29318,Male,Suburban,46-60,1
106314,849,0.28,3,18795,Male,Suburban,46-60,1
79592,580,0.5,1,45320,Male,Urban,60+,0
53926,587,0.35,9,24648,Female,Suburban,31-45,1
106287,824,0.3,10,27158,Male,Rural,31-45,1
37528,773,0.57,6,26747,Female,Rural,46-60,1
20068,566,0.36,4,28234,Female,Suburban,46-60,1
89253,656,0.33,3,36560,Female,Rural,46-60,1
100754,300,0.44,5,16282,Female,Suburban,31-45,1
63968,326,0.23,1,38831,Male,Urban,31-45,0
110938,847,0.26,1,28043,Female,Urban,22-30,1
68623,459,0.57,15,25929,Female,Rural,46-60,1
117179,698,0.44,12,40500,Male,Rural,46-60,0
62129,842,0.51,6,6872,Female,Suburban,46-60,1
114688,426,0.24,4,42488,Male,Suburban,31-45,0
81321,509,0.37,16,6969,Male,Suburban,22-30,1
31526,449,0.59,12,30460,Male,Urban,22-30,1
112452,330,0.26,14,17155,Male,Suburban,22-30,1
111564,601,0.18,2,16870,Female,Urban,60+,0
46709,556,0.36,3,33392,Male,Rural,22-30,1
35063,356,0.29,14,8717,Female,Urban,46-60,0
24723,308,0.18,17,6374,Female,Rural,60+,0
24213,304,0.54,2,26826,Male,Urban,31-45,1
42797,413,0.6,6,13679,Female,Urban,22-30,0
104946,504,0.38,7,18427,Female,Suburban,31-45,0
108918,323,0.49,10,28564,Female,Rural,22-30,0
65217,792,0.53,8,39708,Male,Urban,60+,1
88283,705,0.45,19,40135,Female,Urban,22-30,1
43655,402,0.12,11,49196,Male,Rural,60+,1
115884,359,0.18,4,29271,Male,Urban,46-60,0
97990,385,0.14,0,21631,Male,Rural,60+,0
32587,671,0.1,13,24887,Female,Rural,31-45,1
42555,501,0.25,2,30259,Female,Rural,31-45,1
48071,388,0.3,14,37396,Female,Urban,22-30,0
40239,736,0.22,9,24144,Male,Urban,22-30,1
117138,419,0.13,9,17655,Female,Suburban,60+,1
69151,455,0.36,2,45736,Male,Rural,46-60,1
22203,698,0.24,5,25836,Male,Urban,60+,0
33635,487,0.5,4,6368,Female,Urban,22-30,1
72571,351,0.1,18,39994,Female,Rural,22-30,1
21144,830,0.52,13,49456,Male,Rural,22-30,0
52699,779,0.58,16,41380,Male,Rural,46-60,1
104619,529,0.46,11,17199,Female,Suburban,31-45,1
111663,780,0.47,8,47802,Female,Suburban,22-30,1
32213,429,0.57,2,16569,Female,Suburban,31-45,0
36944,354,0.2,17,38827,Male,Rural,60+,1
86723,570,0.6,3,36182,Female,Urban,31-45,0
88669,399,0.49,13,18115,Female,Rural,31-45,0
88947,368,0.46,5,26649,Male,Urban,22-30,1
54457,598,0.28,14,23195,Male,Suburban,22-30,0
55191,828,0.37,16,35596,Female,Suburban,60+,1
92264,653,0.43,4,39961,Female,Suburban,60+,0
77924,451,0.41,5,32003,Female,Urban,22-30,1
53744,629,0.45,4,21551,Male,Urban,46-60,0
73424,415,0.14,18,28826,Female,Rural,22-30,1
108417,841,0.28,13,41950,Male,Rural,60+,1
98337,622,0.32,3,29729,Female,Rural,46-60,0
96084,528,0.23,4,8868,Male,Suburban,22-30,1
52886,659,0.19,10,46274,Female,Rural,46-60,0
119846,304,0.17,1,43718,Female,Suburban,46-60,1
104963,327,0.28,1,37353,Female,Urban,46-60,1
20972,663,0.35,19,46682,Male,Suburban,60+,0
119219,761,0.13,11,35653,Male,Suburban,46-60,1
26621,530,0.57,15,19141,Male,Suburban,31-45,0
111549,694,0.48,16,16537,Male,Urban,46-60,1
69738,570,0.47,3,35401,Female,Urban,31-45,1
77694,603,0.19,13,32387,Male,Rural,46-60,1
74777,682,0.4,6,21154,Male,Rural,60+,1
34530,327,0.36,14,40077,Female,Rural,31-45,1
27354,818,0.59,15,11630,Male,Urban,31-45,1
66529,498,0.47,7,48461,Female,Urban,31-45,1
71714,381,0.39,1,19778,Male,Urban,46-60,1
108759,387,0.53,18,49293,Male,Urban,46-60,0
61232,689,0.18,0,28070,Female,Urban,46-60,1
72079,750,0.11,3,18416,Female,Suburban,46-60,1
32550,732,0.45,10,30399,Female,Rural,46-60,0
108196,673,0.15,9,13629,Female,Suburban,22-30,1
80385,734,0.16,17,13360,Male,Rural,31-45,1
84736,486,0.47,0,17011,Male,Suburban,60+,1
116565,689,0.24,16,45721,Female,Urban,46-60,0
50268,517,0.41,15,41069,Female,Rural,46-60,1
111876,407,0.56,11,16227,Male,Suburban,22-30,0
24290,849,0.26,15,44587,Female,Rural,46-60,0
75034,648,0.21,8,49550,Male,Urban,31-45,0
50138,821,0.15,16,7769,Female,Urban,31-45,0
91982,325,0.17,2,15492,Female,Rural,46-60,1
33432,347,0.13,17,8345,Female,Rural,60+,1
87058,669,0.14,14,7665,Female,Urban,31-45,0
78175,313,0.32,14,29807,Male,Urban,60+,0
53329,486,0.26,15,48552,Female,Urban,22-30,1
89076,823,0.45,19,17366,Male,Suburban,46-60,1
32328,578,0.54,0,14325,Female,Rural,46-60,0
54247,640,0.49,0,10440,Female,Urban,46-60,1
26677,627,0.37,3,33222,Male,Rural,31-45,1
81810,324,0.15,12,31951,Female,Suburban,31-45,1
70357,828,0.45,3,44878,Male,Suburban,31-45,1
75812,725,0.28,7,25264,Female,Urban,31-45,1
61616,328,0.14,12,24121,Male,Rural,46-60,0
81284,622,0.52,7,23815,Female,Suburban,46-60,1
69741,612,0.27,13,49263,Female,Rural,46-60,1
73478,569,0.21,0,35311,Female,Rural,46-60,0
74056,594,0.54,8,47397,Female,Urban,60+,1
111483,522,0.55,0,24749,Female,Suburban,46-60,1
65534,374,0.27,6,34218,Male,Suburban,46-60,1
99056,401,0.28,19,20533,Male,Suburban,22-30,1
84162,831,0.39,12,49133,Male,Rural,31-45,0
64711,472,0.47,14,49867,Female,Suburban,31-45,1
42805,303,0.13,8,6316,Female,Suburban,60+,0
115980,778,0.4,15,42972,Female,Rural,60+,1
40143,694,0.58,16,26388,Male,Suburban,31-45,1
95828,466,0.23,8,18512,Male,Suburban,31-45,1
82473,599,0.55,5,5684,Male,Rural,46-60,1
36017,417,0.58,19,32164,Female,Suburban,22-30,1
83202,811,0.23,11,44208,Female,Urban,31-45,0
110859,474,0.48,15,16735,Male,Rural,22-30,1
61423,458,0.22,14,40855,Male,Suburban,22-30,0
61713,683,0.47,6,47635,Male,Urban,46-60,1
107856,526,0.5,9,43546,Male,Rural,60+,1
94310,337,0.22,3,13079,Female,Suburban,46-60,0
22205,762,0.46,2,27412,Male,Rural,60+,1
73266,730,0.51,17,40862,Female,Urban,31-45,1
32342,403,0.28,0,24191,Female,Rural,22-30,0
89563,492,0.18,12,19821,Female,Suburban,31-45,1
83190,549,0.15,17,12582,Female,Urban,60+,1
101863,312,0.39,7,14012,Female,Rural,22-30,1
41200,687,0.59,10,38655,Female,Suburban,22-30,1
27188,370,0.51,9,49688,Male,Suburban,46-60,0
22808,737,0.32,3,43783,Male,Urban,31-45,1
33851,343,0.37,3,19530,Male,Urban,46-60,1
100890,571,0.24,3,25377,Male,Rural,31-45,1
84928,313,0.18,11,26653,Female,Suburban,46-60,0
35058,670,0.34,7,45276,Male,Urban,31-45,0
34620,411,0.33,12,25380,Female,Suburban,31-45,0
72755,678,0.36,7,5556,Male,Rural,60+,1
82995,613,0.58,2,31790,Male,Urban,46-60,1
116766,714,0.4,11,13900,Female,Rural,46-60,0
56681,784,0.4,17,38485,Female,Rural,46-60,1
84509,468,0.16,14,41433,Male,Urban,60+,1
103339,545,0.6,13,18891,Male,Rural,31-45,1
87703,565,0.49,8,48104,Female,Suburban,46-60,1
87680,542,0.54,4,20014,Female,Urban,46-60,0
87703,599,0.31,14,11547,Female,Suburban,31-45,1
62136,626,0.35,7,42964,Female,Rural,31-45,0
111380,829,0.36,2,34932,Female,Urban,46-60,1
113699,641,0.2,11,49739,Female,Suburban,31-45,1
108456,548,0.44,4,25263,Female,Suburban,31-45,0
103086,679,0.55,8,24320,Female,Suburban,31-45,0
56343,831,0.18,19,48374,Female,Suburban,46-60,1
38254,680,0.14,2,44459,Female,Suburban,60+,1
81273,341,0.47,7,12045,Male,Rural,31-45,0
79611,644,0.24,12,48255,Female,Rural,22-30,1
80002,560,0.41,7,6237,Female,Rural,31-45,1
105683,605,0.45,4,48077,Male,Rural,31-45,0
32926,539,0.26,6,44240,Female,Rural,22-30,1
119359,612,0.51,4,41326,Male,Rural,31-45,0
84264,740,0.37,8,10293,Female,Rural,46-60,1
109527,432,0.53,4,30274,Male,Suburban,31-45,1
47563,350,0.48,7,24237,Female,Rural,60+,1
50688,691,0.53,11,33384,Male,Suburban,31-45,1
114559,822,0.11,3,35993,Male,Urban,46-60,1
54130,807,0.22,8,17811,Female,Rural,31-45,1
20925,653,0.15,13,23229,Female,Suburban,31-45,1
71595,694,0.32,18,44130,Male,Urban,31-45,1
36321,395,0.54,12,18311,Male,Urban,31-45,0
30769,405,0.33,2,28040,Male,Suburban,60+,1
56748,812,0.52,3,8182,Female,Suburban,22-30,1
60028,541,0.26,0,10760,Male,Suburban,22-30,0
36151,787,0.27,0,12260,Male,Rural,46-60,1
96133,814,0.55,10,38218,Male,Urban,60+,0
54187,360,0.31,15,6915,Male,Rural,31-45,1
63835,715,0.49,3,14115,Female,Rural,46-60,0
20059,593,0.22,6,12076,Female,Rural,60+,1
105717,601,0.57,11,19814,Male,Urban,60+,1
47235,469,0.39,5,38083,Female,Urban,46-60,1
114208,340,0.48,19,9793,Female,Urban,31-45,1
87114,530,0.14,8,6262,Male,Suburban,31-45,0
65366,708,0.35,7,14319,Male,Rural,31-45,1
101583,596,0.55,13,18194,Female,Suburban,31-45,0
52160,754,0.54,14,24309,Female,Suburban,22-30,1
119011,356,0.12,4,33760,Male,Rural,22-30,0
110085,539,0.25,14,31998,Male,Urban,31-45,0
25277,475,0.32,5,8468,Male,Rural,46-60,1
21780,362,0.19,0,17651,Male,Suburban,60+,1
66579,437,0.46,19,25405,Male,Urban,60+,1
80750,753,0.19,8,19482,Female,Urban,60+,1
76902,748,0.27,3,9409,Male,Suburban,31-45,1
100198,525,0.43,1,5547,Male,Urban,46-60,0
117052,742,0.34,5,42659,Male,Urban,31-45,0
52161,505,0.47,1,24907,Male,Rural,46-60,0
64499,326,0.58,2,28426,Female,Rural,60+,0
51886,756,0.16,6,47489,Female,Suburban,22-30,1
28800,406,0.45,19,19436,Female,Suburban,31-45,0
69460,743,0.22,16,21490,Female,Suburban,46-60,0
90975,335,0.31,8,33962,Female,Urban,46-60,1
89843,454,0.12,8,43236,Female,Suburban,31-45,0
22364,468,0.17,18,34288,Male,Rural,22-30,1
36568,571,0.26,4,27236,Male,Urban,60+,1
58092,846,0.27,5,19923,Male,Suburban,31-45,1
91019,719,0.55,17,6250,Female,Urban,22-30,1
82679,483,0.47,0,18264,Female,Urban,31-45,1
85781,536,0.59,16,6611,Female,Urban,46-60,1
28430,808,0.4,13,12928,Male,Suburban,22-30,1
93719,740,0.22,14,39558,Female,Urban,46-60,0
58692,421,0.26,4,5867,Male,Urban,31-45,1
50086,716,0.26,16,36689,Female,Urban,46-60,1
69671,834,0.26,10,38095,Male,Rural,46-60,1
118262,674,0.44,9,8816,Female,Suburban,22-30,1
33901,625,0.37,16,37626,Male,Rural,60+,1
23907,779,0.29,0,40916,Male,Urban,22-30,1
118580,449,0.17,4,16573,Female,Urban,46-60,1
48604,789,0.11,15,48334,Female,Rural,31-45,1
57869,452,0.21,6,23939,Male,Urban,31-45,0
34537,316,0.15,11,18157,Female,Rural,46-60,1
32501,647,0.49,7,14322,Female,Urban,31-45,1
57371,758,0.16,17,7482,Male,Urban,60+,1
56821,501,0.46,0,40867,Male,Urban,46-60,0
108732,722,0.29,19,49280,Male,Urban,31-45,0
26073,579,0.14,11,18675,Female,Suburban,22-30,0
81005,721,0.51,3,35420,Male,Suburban,22-30,0
96097,764,0.39,11,47516,Female,Suburban,46-60,0
38101,654,0.22,0,16735,Female,Rural,60+,0
51426,677,0.55,0,18850,Male,Rural,31-45,1
114877,423,0.12,2,11732,Female,Rural,60+,1
27313,379,0.2,11,45753,Female,Rural,31-45,0
50773,532,0.48,12,43822,Male,Suburban,31-45,0
48003,779,0.45,12,39422,Male,Rural,46-60,1
79668,453,0.24,8,37731,Female,Rural,31-45,1
111956,708,0.13,17,16428,Male,Rural,46-60,1
91250,330,0.53,0,16311,Male,Urban,31-45,1
112675,802,0.26,5,8733,Female,Rural,60+,1
111634,670,0.2,4,44579,Male,Urban,31-45,1
62294,622,0.36,3,13342,Male,Rural,46-60,0
33582,631,0.56,5,15464,Female,Rural,60+,1
33760,542,0.12,2,15300,Female,Urban,60+,0
91791,729,0.48,16,39563,Female,Rural,46-60,0
102158,481,0.39,10,18708,Male,Urban,31-45,1
55983,772,0.31,3,33090,Male,Rural,46-60,1
60309,675,0.47,19,46308,Female,Rural,22-30,1
49715,380,0.58,0,21328,Male,Urban,22-30,0
56415,849,0.21,3,31654,Male,Suburban,22-30,1
107328,719,0.17,2,11214,Male,Urban,46-60,0
108260,766,0.56,9,43913,Male,Suburban,31-45,1
71581,727,0.43,0,32552,Female,Urban,31-45,0
23652,356,0.32,3,40377,Female,Suburban,60+,1
46297,621,0.39,18,30734,Male,Rural,60+,0
117958,841,0.47,0,29721,Male,Suburban,31-45,1
34028,794,0.49,15,23610,Male,Rural,60+,1
33803,565,0.56,18,18622,Female,Urban,22-30,1
26307,526,0.31,19,33875,Female,Suburban,22-30,0
51325,353,0.25,17,28226,Female,Rural,22-30,1
78616,303,0.42,1,32677,Female,Urban,31-45,0
80483,738,0.31,5,15298,Female,Suburban,46-60,1
51574,609,0.4,0,40848,Male,Rural,60+,0
104798,388,0.31,18,38755,Male,Suburban,60+,1
87071,619,0.18,4,22744,Female,Suburban,31-45,1
34932,674,0.33,1,28434,Female,Rural,22-30,1
35749,800,0.45,0,45314,Male,Rural,31-45,0
28727,533,0.5,15,6726,Female,Urban,31-45,0
75406,636,0.35,1,19268,Male,Rural,31-45,0
37332,484,0.18,3,5907,Female,Rural,60+,1
115070,737,0.31,2,30759,Male,Suburban,46-60,1
30834,479,0.49,16,18764,Female,Rural,46-60,0
40325,375,0.31,14,29409,Male,Suburban,22-30,1
29213,571,0.45,9,13390,Male,Suburban,31-45,0
21403,354,0.35,11,35172,Female,Rural,46-60,1
76971,376,0.22,11,40223,Female,Rural,60+,0
74030,595,0.5,19,42976,Female,Rural,31-45,0
93042,518,0.14,6,45542,Female,Rural,22-30,1
115195,576,0.36,9,8365,Female,Urban,60+,1
27591,565,0.2,4,30836,Male,Suburban,31-45,0
32996,342,0.13,19,33554,Female,Urban,60+,0
72485,660,0.35,19,26663,Female,Urban,31-45,0
67830,527,0.35,10,10951,Female,Suburban,46-60,1
54370,526,0.45,1,20175,Female,Urban,22-30,1
77572,362,0.47,15,16027,Male,Rural,60+,1
99008,470,0.46,11,47273,Female,Rural,31-45,0
49098,606,0.3,15,15094,Female,Rural,31-45,1
81561,333,0.42,3,28081,Female,Rural,46-60,1
22196,429,0.39,1,17167,Female,Suburban,31-45,0
31091,693,0.31,9,13769,Male,Rural,31-45,1
100576,450,0.4,12,28060,Male,Suburban,46-60,0
85254,683,0.57,18,6020,Male,Suburban,60+,1
69262,316,0.2,14,16845,Male,Suburban,46-60,1
26023,313,0.55,0,41612,Male,Suburban,46-60,1
40543,380,0.13,16,41341,Female,Urban,31-45,0
80029,506,0.25,19,15485,Male,Urban,60+,1
113913,503,0.24,3,43210,Male,Rural,60+,1
62337,678,0.41,19,12914,Female,Suburban,22-30,1
60409,843,0.17,8,45719,Male,Rural,31-45,1
90540,322,0.54,5,13802,Male,Rural,46-60,1
29963,461,0.51,2,46288,Male,Rural,46-60,0
33796,443,0.43,1,38314,Male,Rural,46-60,1
60972,403,0.33,17,24565,Female,Suburban,60+,1
92613,681,0.57,18,32617,Male,Suburban,31-45,1
115384,754,0.52,6,46766,Male,Urban,46-60,0
98062,716,0.35,2,30609,Male,Suburban,46-60,1
23261,623,0.45,17,49233,Male,Suburban,60+,1
37046,470,0.38,19,25371,Male,Rural,22-30,1
33397,573,0.39,19,24124,Female,Suburban,60+,1
80436,751,0.27,18,17717,Male,Rural,22-30,1
110805,424,0.33,8,42669,Male,Suburban,31-45,1
45757,682,0.14,15,31272,Female,Urban,60+,1
35299,616,0.28,5,16842,Female,Rural,60+,0
21902,406,0.45,11,43476,Male,Suburban,31-45,1
62399,762,0.58,5,7082,Female,Suburban,60+,0
68330,729,0.58,12,31261,Male,Rural,46-60,0
66308,636,0.38,4,25970,Male,Urban,46-60,1
23846,795,0.4,12,14795,Male,Urban,31-45,1
32359,661,0.19,19,38028,Male,Suburban,22-30,0
69376,731,0.45,6,25180,Female,Suburban,46-60,1
88056,819,0.14,11,32351,Female,Suburban,22-30,1
60832,705,0.24,3,43750,Female,Rural,31-45,1
40098,676,0.43,4,38268,Female,Rural,22-30,1
69962,451,0.26,15,6015,Male,Rural,22-30,1
108672,621,0.12,3,48293,Male,Suburban,22-30,1
55885,513,0.52,7,29489,Male,Urban,22-30,1
116256,364,0.26,15,41731,Female,Rural,31-45,0
41157,569,0.13,7,16866,Male,Urban,31-45,1
68372,836,0.14,16,40474,Male,Suburban,60+,1
39674,399,0.23,13,20272,Male,Rural,31-45,0
52357,404,0.19,11,37161,Female,Rural,60+,1
32578,430,0.49,2,7099,Female,Rural,46-60,1
22251,688,0.26,19,11386,Female,Suburban,46-60,0
99049,620,0.5,1,10338,Female,Suburban,60+,1
57429,737,0.19,12,13300,Male,Suburban,31-45,1
112641,318,0.35,10,26400,Male,Urban,22-30,1
66871,524,0.44,11,29641,Male,Urban,46-60,1
106526,759,0.43,17,9297,Male,Rural,22-30,1
45499,693,0.4,8,24332,Female,Rural,31-45,1
26421,525,0.56,6,46173,Male,Suburban,31-45,1
72204,659,0.21,5,20201,Male,Suburban,46-60,1
44591,729,0.35,13,38808,Female,Suburban,31-45,0
80940,314,0.54,17,17810,Male,Rural,46-60,1
112515,845,0.14,13,12988,Male,Suburban,31-45,1
106371,713,0.13,4,45327,Female,Urban,31-45,1
32202,654,0.22,19,24579,Female,Urban,22-30,1
111202,756,0.42,12,26483,Male,Rural,31-45,0
39290,830,0.23,0,5503,Male,Rural,31-45,1
38130,495,0.2,11,10344,Male,Urban,46-60,0
57077,414,0.33,18,13947,Male,Suburban,60+,0
39396,716,0.41,9,14533,Male,Rural,60+,1
80848,651,0.22,4,45916,Female,Rural,22-30,1
103488,374,0.25,19,20193,Male,Rural,46-60,0
80530,335,0.41,5,6381,Male,Urban,31-45,0
84274,541,0.57,11,12012,Male,Rural,22-30,0
47122,362,0.44,2,20213,Male,Urban,46-60,1
49381,808,0.49,13,32563,Male,Urban,60+,1
65435,487,0.28,3,20212,Male,Suburban,60+,0
43267,392,0.24,16,35124,Male,Suburban,31-45,1
81978,304,0.33,16,15711,Male,Suburban,60+,0
27088,737,0.5,13,35266,Male,Rural,46-60,1
117354,465,0.33,14,14515,Female,Urban,46-60,0
32822,745,0.52,6,25193,Female,Rural,22-30,0
70216,324,0.59,3,49707,Male,Urban,22-30,1
56589,807,0.14,16,7131,Male,Rural,46-60,1
85262,397,0.12,5,7424,Male,Urban,46-60,1
77911,567,0.17,10,49344,Male,Suburban,31-45,0
21436,692,0.29,11,26823,Male,Suburban,31-45,1
81854,584,0.17,14,14200,Male,Rural,60+,1
81888,408,0.54,11,28031,Female,Urban,22-30,1
47281,326,0.11,10,8216,Male,Suburban,46-60,0
108017,354,0.26,16,5016,Female,Urban,46-60,0
116005,432,0.19,7,42438,Female,Rural,31-45,1
104403,351,0.57,11,31378,Female,Suburban,60+,1
73952,792,0.43,8,40391,Female,Rural,22-30,0
42766,597,0.56,10,36734,Female,Rural,31-45,1
115273,698,0.59,2,18350,Female,Urban,60+,0
41213,317,0.35,6,19450,Female,Rural,22-30,0
113891,545,0.22,2,6473,Female,Rural,31-45,1
82239,802,0.2,15,30525,Female,Urban,31-45,1
42537,388,0.21,9,33572,Male,Urban,31-45,0
22794,502,0.45,6,47028,Male,Rural,22-30,1
79204,539,0.12,19,42079,Female,Suburban,60+,1
52324,789,0.13,14,35110,Female,Suburban,60+,1
76764,312,0.4,9,40504,Female,Urban,46-60,0
50858,614,0.42,11,31888,Male,Rural,31-45,1
62850,497,0.43,17,6946,Male,Suburban,60+,1
33018,542,0.29,8,26943,Female,Urban,60+,1
103017,806,0.5,8,20740,Female,Urban,46-60,1
70790,342,0.37,3,31445,Female,Urban,60+,1
101120,629,0.15,4,14176,Female,Rural,22-30,1
29850,728,0.5,6,34866,Female,Urban,22-30,1
111237,461,0.58,6,49651,Female,Suburban,46-60,1
65975,734,0.13,10,42269,Male,Rural,22-30,0
85510,532,0.3,9,16618,Male,Suburban,31-45,0
85696,410,0.34,10,29736,Male,Suburban,46-60,1
45832,531,0.17,17,43682,Female,Suburban,31-45,1
116746,572,0.53,11,29601,Female,Rural,46-60,1
107826,340,0.24,15,37850,Male,Suburban,46-60,1
114977,765,0.49,3,46132,Male,Urban,60+,1
44886,376,0.44,16,10804,Female,Urban,60+,1
117930,789,0.4,16,24525,Male,Suburban,46-60,1
28418,416,0.2,4,32419,Male,Urban,46-60,1
27081,733,0.21,12,28746,Male,Rural,31-45,1
30114,318,0.12,2,17812,Male,Rural,60+,1
38722,495,0.22,16,31686,Female,Urban,46-60,1
107508,750,0.27,10,40852,Female,Urban,46-60,1
37985,724,0.52,0,7045,Female,Rural,46-60,1
25888,693,0.28,17,30336,Female,Suburban,31-45,1
89254,583,0.48,16,35460,Male,Rural,60+,1
117683,333,0.32,8,26668,Male,Suburban,60+,1
103845,594,0.49,19,39320,Male,Urban,31-45,0
39299,550,0.59,6,45584,Female,Urban,31-45,0
76050,638,0.22,4,37575,Female,Suburban,46-60,1
42036,739,0.53,15,38592,Female,Suburban,60+,1
105421,479,0.41,6,41516,Female,Rural,46-60,0
49346,527,0.51,12,10578,Male,Suburban,31-45,1
46691,322,0.43,12,42965,Female,Urban,60+,1
37986,626,0.31,14,46798,Male,Urban,60+,1
47846,453,0.21,16,26079,Male,Urban,60+,1
69665,445,0.14,16,5937,Male,Suburban,22-30,1
61401,551,0.37,18,12595,Female,Suburban,31-45,1
93728,601,0.6,9,5424,Female,Urban,60+,1
70054,369,0.47,1,49270,Male,Suburban,31-45,1
58487,842,0.26,13,8051,Male,Rural,46-60,1
29412,392,0.51,2,40673,Female,Rural,31-45,0
101499,462,0.48,6,36342,Female,Suburban,22-30,0
71473,380,0.24,10,17238,Female,Suburban,60+,1
119159,362,0.11,16,32786,Female,Urban,46-60,1
86553,735,0.16,14,34668,Male,Suburban,31-45,1
25279,347,0.54,18,7694,Male,Urban,46-60,1
95948,744,0.52,10,8595,Male,Rural,46-60,1
27712,373,0.25,14,6267,Male,Suburban,31-45,1
35817,841,0.24,14,5421,Male,Rural,46-60,0
73832,456,0.5,5,24650,Male,Suburban,22-30,1
113616,786,0.57,14,12017,Female,Suburban,46-60,1
76224,565,0.49,8,14849,Male,Urban,22-30,1
26624,555,0.4,4,28513,Female,Urban,60+,1
49126,338,0.22,18,49899,Female,Suburban,46-60,1
102115,354,0.36,4,46644,Male,Suburban,60+,0
100667,327,0.22,12,7226,Female,Urban,31-45,1
57462,417,0.5,17,9388,Male,Rural,31-45,0
78676,669,0.29,19,7422,Male,Suburban,46-60,0
66815,508,0.52,16,44994,Female,Urban,46-60,1
108911,615,0.29,14,14269,Female,Suburban,60+,1
46093,692,0.51,13,17177,Female,Urban,31-45,1
52525,743,0.27,15,17032,Female,Rural,46-60,1
49030,558,0.32,3,49276,Female,Suburban,60+,1
64067,497,0.41,16,12316,Female,Suburban,46-60,1
25207,744,0.14,19,7843,Female,Rural,46-60,0
96433,604,0.57,13,33015,Female,Suburban,22-30,1
46639,638,0.39,17,9111,Female,Suburban,60+,1
22792,828,0.35,5,27043,Male,Suburban,60+,1
20420,353,0.52,7,35101,Male,Urban,46-60,1
114760,411,0.53,8,41992,Female,Urban,22-30,1
39198,718,0.36,0,32870,Female,Suburban,31-45,1
55608,604,0.56,12,42747,Female,Rural,46-60,1
66205,737,0.13,2,40169,Male,Rural,31-45,1
102951,384,0.16,5,46709,Male,Suburban,46-60,0
37875,823,0.4,16,34415,Female,Urban,31-45,0
90511,551,0.28,7,20685,Female,Urban,60+,1
111997,425,0.33,5,20963,Female,Suburban,46-60,1
41331,704,0.26,15,34698,Female,Urban,31-45,1
36893,603,0.3,0,34150,Male,Urban,46-60,0
84913,327,0.51,9,26426,Male,Rural,60+,0
38243,565,0.4,17,11035,Female,Suburban,22-30,0
35535,351,0.6,13,12071,Female,Urban,46-60,1
83203,810,0.49,4,25578,Male,Urban,22-30,1
90597,506,0.24,16,33044,Male,Urban,60+,1
87394,810,0.23,13,33842,Female,Suburban,60+,1
45489,500,0.27,17,21531,Female,Suburban,46-60,1
99214,583,0.52,3,7170,Male,Urban,22-30,0
104886,656,0.11,19,29687,Male,Rural,31-45,1
33346,346,0.22,1,42886,Male,Rural,22-30,0
68005,436,0.55,6,12297,Female,Suburban,60+,0
26773,429,0.42,6,9163,Male,Rural,31-45,0
115001,494,0.21,6,45794,Female,Urban,22-30,1
95324,663,0.21,12,46787,Male,Suburban,60+,1
52343,731,0.53,18,47712,Male,Suburban,22-30,0
94783,368,0.55,5,40707,Male,Rural,31-45,0
65963,757,0.23,19,43495,Female,Suburban,22-30,1
61983,839,0.31,16,49688,Female,Rural,46-60,0
55972,634,0.52,17,29448,Male,Rural,60+,1
36959,825,0.49,0,8616,Female,Urban,31-45,1
109343,315,0.51,12,43173,Male,Rural,31-45,0
54133,755,0.36,18,36748,Female,Rural,22-30,1
109754,809,0.56,15,33299,Male,Suburban,46-60,1
71150,508,0.26,9,48237,Male,Urban,31-45,0
41734,457,0.18,12,46119,Female,Urban,31-45,0
108364,636,0.45,9,16557,Male,Rural,46-60,1
37400,540,0.37,13,43648,Female,Suburban,46-60,0
40002,357,0.53,8,19096,Male,Suburban,46-60,1
118329,604,0.14,10,38781,Female,Suburban,46-60,1
56492,644,0.52,2,13743,Male,Urban,60+,1
117753,313,0.25,7,12391,Male,Urban,31-45,1
113468,658,0.43,11,14355,Female,Rural,31-45,1
50875,676,0.12,2,10247,Male,Rural,60+,1
45046,542,0.4,6,45286,Female,Suburban,60+,0
43664,444,0.46,13,11290,Male,Rural,46-60,1
44453,714,0.28,6,39076,Male,Suburban,46-60,1
24746,693,0.21,6,47452,Male,Urban,31-45,1
109509,657,0.37,13,30817,Male,Rural,46-60,0
33217,457,0.52,11,42595,Female,Suburban,46-60,1
83184,317,0.26,0,37827,Female,Urban,46-60,0
108898,646,0.23,4,31209,Female,Suburban,22-30,1
61835,357,0.24,10,44754,Male,Rural,31-45,1
29133,454,0.57,0,37118,Female,Suburban,31-45,0
60533,786,0.28,12,48411,Female,Urban,46-60,1
25404,830,0.1,16,20216,Male,Rural,60+,1
53339,786,0.49,2,12860,Female,Urban,46-60,0
48725,450,0.45,9,18425,Male,Rural,31-45,0
94332,658,0.16,18,18806,Male,Suburban,22-30,1
65380,667,0.59,6,29911,Female,Urban,60+,1
68073,346,0.4,19,30406,Female,Urban,31-45,0
80873,506,0.35,2,39360,Female,Suburban,46-60,1
106900,749,0.29,11,19464,Female,Urban,31-45,0
61341,782,0.55,9,35587,Male,Urban,31-45,0
21236,442,0.22,11,43865,Female,Urban,22-30,0
87916,699,0.24,14,11458,Male,Urban,46-60,0
34538,396,0.16,5,14151,Female,Suburban,46-60,1
31971,346,0.48,18,41934,Male,Urban,46-60,0
119821,490,0.4,4,11488,Female,Urban,46-60,1
103453,439,0.4,19,29541,Female,Urban,60+,0
58655,530,0.21,1,26803,Male,Rural,31-45,1
97022,639,0.43,18,48183,Female,Rural,31-45,1
80784,790,0.48,18,49776,Female,Suburban,22-30,1
81289,348,0.28,3,29718,Female,Suburban,46-60,0
57410,752,0.5,19,16170,Female,Suburban,31-45,1
110982,615,0.27,4,22430,Male,Urban,46-60,1
71302,621,0.48,6,14260,Male,Rural,60+,0
41703,386,0.12,3,12636,Female,Rural,60+,0
64191,773,0.38,10,41955,Male,Suburban,46-60,1
74112,581,0.58,2,41108,Female,Rural,60+,1
31399,373,0.59,4,43945,Male,Suburban,22-30,1
32685,752,0.24,19,20941,Male,Urban,60+,0
107777,346,0.32,14,8435,Male,Rural,22-30,0
24487,395,0.13,17,33355,Female,Urban,22-30,1
32018,330,0.54,15,12300,Male,Urban,31-45,1
50825,833,0.38,15,27183,Male,Rural,31-45,1
27750,316,0.29,9,38733,Female,Suburban,46-60,0
78956,511,0.16,0,12444,Male,Rural,60+,1
70229,534,0.57,10,30755,Female,Urban,31-45,1
103220,691,0.37,16,48394,Male,Suburban,46-60,1
63118,653,0.24,14,28062,Female,Urban,46-60,0
79615,604,0.28,6,19610,Male,Suburban,22-30,0
99946,849,0.24,5,5500,Female,Rural,31-45,1
77290,839,0.4,14,9554,Male,Urban,60+,1
35105,808,0.56,14,30545,Male,Suburban,31-45,1
38913,694,0.53,6,11771,Female,Suburban,60+,1
69515,730,0.33,2,22499,Male,Rural,46-60,1
67342,476,0.51,13,8932,Male,Suburban,46-60,1
72184,705,0.31,8,31055,Female,Suburban,46-60,1
103247,600,0.23,2,42202,Female,Urban,22-30,0
80506,744,0.59,5,32700,Male,Rural,46-60,1
44967,426,0.25,19,8567,Female,Rural,46-60,1
56023,648,0.26,8,6658,Male,Urban,31-45,1
74288,320,0.59,0,47836,Female,Urban,46-60,1
46622,719,0.17,8,45712,Female,Urban,31-45,1
65201,451,0.48,11,31627,Female,Suburban,60+,1
95033,459,0.57,3,43568,Female,Rural,22-30,1
36350,779,0.36,15,25760,Male,Rural,60+,0
74820,742,0.1,4,34985,Female,Rural,46-60,0
68709,395,0.29,16,19408,Male,Suburban,46-60,1
108232,651,0.16,16,34832,Male,Rural,46-60,0
47470,374,0.31,5,45785,Male,Rural,46-60,1
50889,658,0.5,14,40583,Male,Rural,46-60,1
30224,432,0.32,0,38738,Male,Rural,31-45,1
25465,699,0.32,12,29204,Female,Urban,60+,1
102418,438,0.38,15,18285,Female,Suburban,31-45,0
117739,545,0.39,1,37975,Male,Rural,60+,1
113480,590,0.53,18,21643,Male,Rural,22-30,1
75214,411,0.25,1,10025,Female,Rural,60+,1
115373,469,0.51,11,42126,Male,Rural,31-45,0
22944,539,0.38,11,21888,Female,Rural,60+,0
44336,636,0.25,7,39527,Male,Urban,46-60,1
58624,437,0.25,11,28898,Female,Urban,46-60,0
85206,535,0.28,10,19387,Female,Suburban,46-60,1
64764,302,0.41,1,8794,Male,Suburban,31-45,0
117332,415,0.22,0,8590,Female,Rural,31-45,0
114325,771,0.56,3,19698,Male,Rural,22-30,0
65420,430,0.39,8,17332,Female,Urban,31-45,1
109758,782,0.56,6,44738,Female,Suburban,46-60,0
85671,700,0.12,9,14593,Male,Rural,31-45,1
35773,500,0.27,19,35107,Female,Rural,31-45,1
46447,591,0.11,13,36490,Female,Rural,46-60,0
24033,641,0.24,0,41097,Male,Suburban,22-30,1
75852,515,0.53,4,16036,Female,Urban,31-45,1
40497,665,0.12,12,33561,Male,Urban,22-30,1
99714,768,0.32,5,19372,Male,Rural,22-30,1
92082,717,0.16,16,39860,Female,Rural,60+,1
93932,326,0.31,14,24351,Male,Rural,31-45,0
40978,754,0.52,6,35327,Female,Rural,60+,1
32882,313,0.41,7,23059,Female,Rural,60+,1
36945,397,0.47,1,32188,Male,Suburban,60+,1
107320,578,0.27,17,38055,Female,Urban,22-30,1
76485,789,0.57,6,7316,Female,Suburban,46-60,0
88850,506,0.45,19,21259,Female,Suburban,31-45,1
79870,532,0.31,15,40606,Male,Rural,31-45,0
38595,538,0.31,18,16829,Male,Suburban,31-45,0
104291,549,0.56,8,13137,Female,Urban,31-45,1
117847,605,0.39,11,29502,Male,Rural,60+,1
84038,762,0.45,13,32204,Female,Urban,46-60,1
76126,535,0.31,6,6265,Female,Suburban,31-45,0
116134,590,0.21,1,40751,Male,Rural,46-60,1
55449,338,0.46,16,27285,Male,Urban,60+,0
38639,482,0.4,10,29315,Male,Urban,46-60,1
65370,329,0.35,17,45911,Female,Rural,46-60,1
116559,687,0.41,11,45798,Male,Urban,46-60,0
94628,442,0.2,2,48420,Female,Rural,46-60,1
91918,718,0.5,13,38379,Female,Rural,31-45,1
62710,373,0.57,14,41291,Female,Suburban,60+,1
74051,354,0.55,18,32152,Male,Urban,22-30,1
80639,323,0.26,9,10424,Male,Rural,46-60,1
23159,321,0.3,8,14939,Male,Suburban,31-45,1
91192,727,0.5,9,35253,Female,Suburban,60+,1
86988,331,0.4,19,39396,Female,Rural,31-45,1
38706,638,0.37,3,18176,Male,Rural,46-60,1
29862,814,0.56,18,12907,Male,Urban,22-30,1
30219,811,0.37,9,8372,Male,Urban,31-45,1
109017,369,0.36,16,32572,Male,Urban,31-45,0
54536,387,0.12,11,29592,Male,Rural,31-45,1
91632,518,0.13,0,18102,Male,Suburban,60+,1
97391,569,0.1,10,47557,Male,Suburban,31-45,0
82886,377,0.56,12,30642,Male,Rural,31-45,1
99996,309,0.3,0,8139,Male,Urban,22-30,0
53937,767,0.33,0,16643,Female,Suburban,46-60,0
41094,635,0.52,15,23643,Male,Suburban,60+,1
47924,485,0.4,6,40018,Male,Urban,60+,1
103325,845,0.4,9,43889,Female,Suburban,22-30,1
20123,420,0.25,15,33780,Female,Urban,31-45,1
73149,573,0.52,0,45949,Female,Suburban,60+,0
91445,709,0.18,8,21667,Female,Suburban,60+,0
51854,657,0.13,5,35632,Female,Suburban,31-45,1
80796,397,0.2,14,43493,Female,Urban,46-60,1
89432,540,0.23,3,34408,Female,Suburban,60+,1
78968,413,0.24,14,29302,Male,Suburban,22-30,1
60834,786,0.44,9,26621,Male,Suburban,46-60,1
37111,540,0.21,15,18219,Male,Rural,46-60,0
92575,455,0.44,12,46562,Female,Suburban,22-30,1
44099,651,0.15,18,30939,Male,Suburban,22-30,1
89206,343,0.17,19,49312,Female,Urban,60+,1
70293,611,0.35,3,41843,Male,Urban,60+,1
35029,437,0.56,19,17778,Female,Rural,60+,1
51811,735,0.53,15,43930,Male,Urban,31-45,1
35793,442,0.58,10,34870,Male,Urban,46-60,1
68106,598,0.43,14,45404,Male,Urban,22-30,1
105662,561,0.44,10,27121,Male,Rural,31-45,1
104764,811,0.41,10,45770,Male,Rural,31-45,1
104131,361,0.41,2,35158,Male,Suburban,31-45,0
20972,722,0.17,16,28456,Male,Suburban,31-45,0
20360,695,0.37,4,17992,Female,Urban,46-60,1
22632,330,0.29,12,49894,Female,Suburban,46-60,1
55958,629,0.32,9,30390,Male,Suburban,46-60,0
100882,468,0.36,4,21756,Male,Rural,46-60,1
38008,565,0.16,11,26971,Male,Rural,31-45,1
97656,607,0.28,7,12071,Male,Suburban,46-60,1
50283,758,0.13,11,32574,Female,Suburban,46-60,1
70908,484,0.59,15,24275,Female,Suburban,31-45,1
27818,633,0.16,1,49751,Male,Urban,46-60,1
90655,814,0.23,2,11586,Male,Rural,22-30,1
50579,740,0.55,17,24703,Male,Suburban,31-45,0
75178,690,0.34,16,31765,Male,Suburban,31-45,0
77584,553,0.17,1,15641,Female,Urban,60+,1
85020,634,0.29,11,41735,Female,Rural,31-45,1
115373,699,0.16,16,5822,Female,Urban,60+,1
20975,465,0.2,5,37989,Female,Urban,60+,1
83479,559,0.13,16,44648,Male,Suburban,60+,1
36265,303,0.32,1,17129,Female,Urban,46-60,1
83518,418,0.5,7,20543,Male,Urban,22-30,1
24318,769,0.39,13,30963,Female,Suburban,31-45,1
55081,769,0.4,5,41656,Female,Rural,46-60,1
78649,792,0.2,8,34665,Male,Suburban,46-60,0
63069,799,0.27,0,18499,Female,Rural,46-60,1
98670,369,0.52,4,15352,Male,Urban,60+,0
96377,669,0.14,6,24654,Male,Urban,22-30,0
111671,480,0.53,8,15117,Male,Suburban,22-30,1
32427,304,0.34,13,26077,Male,Suburban,46-60,0
60251,496,0.52,8,8993,Male,Suburban,31-45,0
119667,346,0.26,3,23982,Female,Urban,60+,1
45165,439,0.27,19,39434,Female,Urban,22-30,1
87285,839,0.48,14,21312,Male,Rural,31-45,1
118844,726,0.49,3,49041,Male,Suburban,22-30,1
84927,609,0.21,2,19338,Male,Urban,46-60,1
93170,573,0.59,13,35173,Male,Rural,60+,0
96150,838,0.14,8,42525,Female,Suburban,46-60,1
44866,689,0.13,18,31690,Male,Suburban,60+,1
30282,758,0.4,5,32328,Female,Rural,22-30,1
40319,660,0.46,2,16360,Female,Rural,46-60,0
56726,368,0.58,17,43883,Male,Rural,22-30,0
35412,730,0.3,15,43205,Female,Urban,31-45,1
93586,331,0.11,2,27625,Male,Suburban,31-45,0
44583,812,0.4,1,47040,Male,Suburban,60+,1
103577,481,0.24,1,49894,Female,Rural,46-60,0
81922,547,0.32,9,36850,Male,Urban,60+,0
26185,596,0.34,14,21471,Male,Rural,31-45,1
106348,329,0.13,2,44883,Female,Urban,31-45,0
111368,601,0.34,7,32276,Female,Suburban,46-60,1
76389,775,0.31,17,7703,Female,Suburban,31-45,1
37423,651,0.46,10,16151,Male,Urban,31-45,1
71268,781,0.42,6,31998,Female,Suburban,46-60,1
61644,616,0.19,18,9147,Female,Suburban,46-60,1
56786,696,0.2,6,39515,Female,Rural,60+,1
115201,388,0.23,1,13232,Female,Urban,46-60,0
95525,533,0.19,5,20151,Male,Suburban,46-60,1
103744,467,0.43,4,15330,Female,Suburban,60+,1
108590,425,0.6,13,16276,Female,Urban,46-60,1
50477,419,0.43,17,23535,Male,Suburban,46-60,0
115910,727,0.4,3,41705,Female,Urban,22-30,1
23571,489,0.3,3,44654,Female,Urban,31-45,1
39576,727,0.26,12,48050,Male,Rural,31-45,1
82703,501,0.56,0,37976,Male,Urban,31-45,0
29680,358,0.58,19,5599,Male,Rural,46-60,1
45706,522,0.35,4,8709,Male,Suburban,46-60,0
99854,791,0.25,2,29110,Male,Urban,22-30,1
106195,310,0.49,18,10723,Female,Rural,46-60,1
84527,811,0.17,12,47536,Female,Urban,60+,1
90565,609,0.48,6,32394,Female,Suburban,46-60,1
68436,333,0.51,9,15316,Female,Rural,46-60,0
22774,639,0.16,2,27622,Male,Rural,60+,0
36972,780,0.59,1,29844,Male,Rural,60+,1
34048,392,0.59,6,45740,Male,Suburban,46-60,1
118908,432,0.57,8,26162,Female,Rural,46-60,1
100225,718,0.35,11,33833,Male,Suburban,31-45,0
102273,767,0.22,9,22206,Male,Suburban,31-45,0
101550,743,0.39,18,29501,Female,Urban,31-45,1
107354,329,0.31,12,15291,Male,Suburban,46-60,1
118737,597,0.2,9,49562,Male,Rural,46-60,1
96680,360,0.31,4,16659,Female,Rural,46-60,0
116537,757,0.43,14,30226,Female,Suburban,31-45,0
77602,603,0.14,2,45751,Male,Suburban,22-30,0
86403,639,0.27,7,11500,Female,Urban,31-45,1
47182,747,0.11,5,6634,Male,Urban,46-60,1
99876,601,0.47,18,19059,Female,Rural,22-30,0
97373,839,0.42,16,9814,Female,Suburban,31-45,1
67059,784,0.13,9,9076,Female,Rural,31-45,1
28787,376,0.58,0,46158,Female,Suburban,31-45,0
20393,814,0.11,12,43210,Male,Rural,46-60,1
81775,848,0.39,9,30931,Male,Rural,22-30,1
79454,391,0.49,11,37007,Male,Rural,22-30,1
32056,765,0.49,1,27744,Female,Suburban,22-30,1
81483,765,0.12,9,35396,Male,Urban,31-45,1
64957,339,0.55,0,28083,Female,Urban,60+,1
48429,628,0.56,0,41273,Male,Suburban,46-60,1
65909,584,0.38,19,30276,Female,Urban,46-60,0
72906,365,0.34,14,5502,Female,Rural,46-60,1
117435,408,0.12,0,17756,Female,Suburban,46-60,0
117757,714,0.38,8,19262,Male,Suburban,22-30,1
106290,391,0.3,6,15605,Male,Urban,46-60,1
64389,667,0.49,15,45707,Male,Urban,60+,1
40905,722,0.3,15,27416,Male,Rural,31-45,1
109619,539,0.44,12,42487,Female,Suburban,31-45,0
73730,734,0.15,9,45516,Female,Urban,60+,1
77557,511,0.17,17,32543,Female,Suburban,31-45,1
115157,699,0.17,8,36280,Female,Rural,46-60,0
106113,825,0.12,11,7870,Male,Rural,60+,1
86199,767,0.37,12,9758,Male,Rural,31-45,1
67301,469,0.5,10,43736,Female,Suburban,31-45,0
104752,509,0.41,14,16659,Male,Suburban,46-60,0
67259,555,0.39,9,45558,Female,Suburban,31-45,1
94801,372,0.44,9,14585,Female,Suburban,46-60,1
24574,446,0.27,8,32903,Female,Suburban,46-60,0
108291,639,0.28,2,42039,Male,Rural,60+,0
76776,616,0.26,15,9323,Female,Rural,31-45,1
116777,453,0.46,11,31970,Male,Rural,46-60,0
108212,554,0.18,16,39806,Female,Urban,46-60,1
107097,650,0.11,14,10461,Male,Rural,31-45,1
44737,846,0.4,2,45831,Male,Suburban,22-30,1
43390,611,0.57,4,39030,Female,Rural,31-45,0
111612,433,0.4,12,10731,Female,Urban,22-30,1
72330,428,0.49,5,26500,Male,Urban,46-60,0
91082,735,0.44,8,14903,Male,Urban,22-30,1
73642,579,0.35,18,38117,Male,Urban,22-30,1
41280,657,0.46,6,33602,Female,Urban,31-45,1
118489,551,0.51,12,36174,Female,Suburban,46-60,1
41037,434,0.21,4,38208,Male,Rural,46-60,1
60576,822,0.27,15,24192,Male,Suburban,31-45,1
48564,618,0.21,3,18899,Male,Suburban,46-60,0
119133,379,0.33,4,23946,Female,Urban,22-30,0
105439,490,0.54,19,8152,Female,Rural,31-45,0
116342,752,0.27,18,30960,Male,Rural,60+,1
109928,643,0.29,5,15247,Male,Rural,46-60,1
48087,329,0.53,3,35806,Female,Urban,60+,0
107829,713,0.36,0,30573,Female,Suburban,31-45,0
96213,667,0.37,16,47382,Male,Rural,60+,1
32803,801,0.53,8,31038,Male,Suburban,46-60,1
66002,320,0.35,15,32770,Male,Rural,60+,0
86761,848,0.44,1,11949,Female,Rural,31-45,1
91310,545,0.14,10,7205,Male,Rural,46-60,0
98579,582,0.19,4,22855,Male,Rural,31-45,1
36163,531,0.3,12,24564,Male,Urban,31-45,1
88380,615,0.35,19,18133,Female,Urban,31-45,1
92883,635,0.58,16,23114,Female,Suburban,60+,1
71885,710,0.59,14,37803,Female,Urban,22-30,1
106340,544,0.53,11,34785,Male,Rural,46-60,1
56764,686,0.26,5,43302,Female,Suburban,46-60,0
112782,657,0.58,19,28545,Female,Suburban,46-60,1
82126,321,0.44,12,45777,Female,Suburban,31-45,0
87224,318,0.3,17,15952,Female,Rural,46-60,1
67055,586,0.45,14,7535,Female,Rural,22-30,1
71599,575,0.11,14,29721,Male,Suburban,31-45,1
102787,371,0.17,7,9963,Male,Urban,22-30,0
98040,664,0.51,18,17707,Male,Rural,60+,0
59720,634,0.42,13,17860,Male,Rural,22-30,1
113120,498,0.28,6,19247,Male,Urban,31-45,1
64484,316,0.35,13,22410,Female,Suburban,22-30,1
58852,517,0.55,4,22670,Female,Urban,31-45,1
33219,446,0.42,14,24230,Male,Rural,22-30,1
110351,509,0.3,14,46280,Female,Suburban,46-60,1
68865,713,0.16,3,29158,Male,Suburban,46-60,0
74457,629,0.25,0,18887,Male,Urban,31-45,0
110159,651,0.59,16,40061,Female,Rural,46-60,0
56817,462,0.32,19,28810,Male,Rural,22-30,1
88993,400,0.34,0,49124,Female,Suburban,22-30,1
113391,626,0.35,15,47786,Male,Rural,22-30,1
72380,626,0.54,12,30358,Female,Suburban,46-60,1
70400,454,0.4,17,20933,Female,Suburban,46-60,0
56258,309,0.45,9,35034,Female,Suburban,31-45,0
101006,652,0.29,17,6947,Female,Rural,22-30,1
68957,482,0.11,16,24715,Female,Urban,31-45,1
38281,754,0.57,8,35956,Female,Suburban,22-30,1
97264,305,0.57,13,26644,Male,Urban,46-60,0
71331,632,0.57,12,20310,Male,Urban,31-45,1
65680,632,0.57,19,27450,Female,Urban,60+,1
58723,557,0.51,19,21303,Female,Urban,46-60,0
30162,510,0.44,13,29031,Male,Urban,31-45,0
114808,350,0.52,10,34250,Male,Suburban,31-45,0
71095,744,0.4,12,26853,Male,Rural,46-60,1
31338,676,0.17,16,22977,Male,Urban,31-45,1
107832,785,0.3,2,47707,Male,Rural,31-45,1
31675,350,0.59,0,19465,Female,Rural,46-60,0
109606,453,0.28,4,15225,Male,Suburban,31-45,0
40080,609,0.53,12,45472,Male,Urban,31-45,0
33936,698,0.15,4,21640,Male,Rural,60+,1
30019,433,0.27,4,36535,Female,Rural,60+,0
87282,519,0.28,11,44280,Male,Urban,60+,1
69681,462,0.13,1,7991,Male,Suburban,22-30,1
108304,801,0.16,15,22801,Female,Suburban,46-60,1
93861,414,0.2,16,29144,Female,Urban,60+,1
24486,798,0.52,4,12965,Male,Rural,60+,1
102021,771,0.13,11,18730,Female,Suburban,60+,0
99864,448,0.25,14,34553,Male,Suburban,22-30,1
39112,540,0.11,5,13301,Male,Rural,31-45,1
71697,422,0.45,12,23936,Female,Rural,31-45,1
75998,368,0.41,10,47017,Male,Rural,31-45,1
117816,362,0.42,16,19155,Female,Rural,22-30,1
46576,315,0.29,8,26117,Female,Urban,46-60,1
70100,689,0.2,15,7042,Female,Rural,31-45,0
101238,557,0.46,16,23565,Female,Suburban,46-60,1
41320,516,0.51,19,42260,Male,Rural,46-60,0
103973,778,0.17,17,41326,Male,Rural,46-60,0
85729,413,0.34,12,47581,Male,Urban,60+,0
110853,679,0.22,10,8658,Female,Urban,46-60,1
114018,536,0.18,12,21319,Male,Rural,22-30,1
104879,775,0.47,12,24078,Female,Urban,22-30,1
49144,428,0.37,11,41652,Male,Urban,31-45,0
77326,809,0.21,13,42548,Female,Urban,46-60,1
97148,464,0.26,12,24668,Male,Urban,46-60,1
39307,576,0.58,8,43720,Male,Rural,46-60,0
80598,556,0.52,13,45285,Female,Urban,60+,1
39623,431,0.54,0,27546,Male,Urban,31-45,0
40249,556,0.33,8,42874,Female,Suburban,60+,1
93765,440,0.41,3,42165,Female,Rural,46-60,0
111810,508,0.29,11,33898,Male,Urban,22-30,1
92131,818,0.14,13,34907,Male,Suburban,46-60,1
114138,350,0.3,8,34372,Male,Urban,46-60,1
58377,802,0.4,2,19822,Female,Rural,60+,1
72365,558,0.24,5,24776,Female,Suburban,22-30,1
54551,477,0.52,2,37406,Female,Suburban,22-30,0
62926,842,0.18,0,15462,Female,Rural,31-45,1
110214,655,0.28,2,41479,Female,Suburban,60+,1
107750,617,0.16,13,39354,Female,Suburban,60+,0
58599,663,0.3,19,47174,Female,Urban,22-30,0
118345,354,0.12,1,44906,Female,Suburban,46-60,1
113330,455,0.24,11,12662,Female,Rural,22-30,0
42593,343,0.3,9,12404,Male,Urban,22-30,1
80334,841,0.34,12,47605,Female,Suburban,60+,0
114400,621,0.37,19,14542,Female,Urban,60+,1
79893,313,0.24,3,20904,Male,Rural,46-60,1
62636,656,0.36,18,32774,Male,Suburban,46-60,1
89225,782,0.35,0,13556,Female,Rural,46-60,1
60363,658,0.26,10,17806,Male,Rural,46-60,1
75959,617,0.52,15,47586,Male,Suburban,60+,0
100223,374,0.37,18,19864,Female,Suburban,46-60,1
105917,493,0.27,18,35016,Female,Urban,46-60,0
118629,662,0.57,11,38749,Male,Rural,22-30,1
109125,395,0.52,2,47996,Female,Suburban,22-30,0
21120,339,0.59,17,41320,Male,Rural,31-45,0
36491,696,0.45,16,22305,Female,Suburban,22-30,0
63638,406,0.29,4,16938,Female,Rural,60+,1
59062,316,0.24,15,21318,Male,Urban,46-60,0
25193,826,0.43,13,25379,Male,Rural,31-45,1
109144,798,0.59,18,42820,Male,Suburban,31-45,1
35213,824,0.41,5,10406,Male,Urban,46-60,0
99766,342,0.54,2,25661,Male,Urban,60+,0
103959,649,0.26,5,22858,Female,Suburban,22-30,1
37187,329,0.3,11,35816,Female,Urban,46-60,1
30040,740,0.55,19,17850,Male,Rural,60+,1
86302,841,0.48,10,17601,Male,Rural,46-60,1
49949,754,0.59,6,44866,Male,Suburban,46-60,1
23527,393,0.49,0,31644,Female,Rural,22-30,0
96557,594,0.32,15,32428,Female,Suburban,31-45,1
103408,848,0.37,15,44487,Male,Urban,22-30,1
97294,388,0.55,16,46362,Female,Rural,60+,1
38757,802,0.38,14,38380,Female,Suburban,31-45,1
45412,513,0.23,8,12286,Male,Rural,31-45,1
34312,721,0.32,4,15068,Male,Urban,46-60,0
42119,825,0.36,19,14805,Female,Urban,31-45,1
31804,491,0.15,7,8017,Female,Rural,22-30,1
73986,523,0.47,0,26172,Female,Urban,31-45,1
66545,686,0.15,6,14926,Female,Suburban,22-30,0
96519,773,0.3,10,49508,Female,Rural,60+,0
49999,502,0.5,19,28486,Male,Rural,60+,1
116093,746,0.33,12,35397,Female,Urban,31-45,1
59758,367,0.52,12,34511,Male,Suburban,31-45,1
114324,391,0.27,6,48340,Male,Rural,60+,1
117486,477,0.58,10,15002,Female,Rural,22-30,0
89519,302,0.2,17,8201,Male,Urban,46-60,1
23768,402,0.12,0,38520,Female,Urban,60+,0
21504,572,0.54,11,32048,Male,Suburban,60+,0
87986,833,0.48,2,35130,Female,Suburban,22-30,0
96772,415,0.22,0,45324,Male,Urban,31-45,1
